x1,x2,y
1.690051018753184,2.5674488595808436,1.0
1.6694768452020066,2.0548698618254564,1.0
2.0990179358893655,1.7377758348352286,-1.0
1.0928689095484412,1.4505472659797722,-1.0
0.5471943861450552,0.9415695167676437,1.0
1.5194988327496268,1.278777636854867,-1.0
0.8705167168092175,1.8810846109652288,1.0
1.7686243078062955,1.4596018507730668,-1.0
1.4568877578629627,0.6132362438855146,-1.0
1.1169875931961928,1.0099478047968566,-1.0
2.349390633549988,1.8375512977716872,1.0
1.1565206963454293,1.8279021930651846,1.0
1.7730195784990181,0.8754825887535009,-1.0
1.5285346118586982,1.6557800986355518,1.0
0.6234162433269295,1.047881845092826,1.0
0.6801728773621305,2.841531822096033,1.0
0.5522754069440732,1.716252018490283,-1.0
-0.1386364792952952,1.9023818840351978,1.0
0.48990102288334336,2.200662087211497,1.0
1.4026273116136045,1.3872772682818888,1.0
2.477409308457281,0.705847466281378,-1.0
1.8814870397740173,0.11433138670579945,-1.0
2.7960558894933034,0.8835770609830723,-1.0
3.198568202486716,0.3719062016381972,-1.0
2.7764812959079026,2.111761715156807,-1.0
2.556913604085759,2.182472398459707,1.0
0.7299065319516577,0.6729150417484002,1.0
1.6860960099326894,2.9689050005766413,1.0
2.4879921497872166,1.9450103088441586,1.0
1.8199965118517387,1.0244091082431077,-1.0
1.6922019526438885,1.3346379961959967,-1.0
1.3380485822411416,1.0177470443347545,-1.0
0.3204949312680613,2.275171543744479,1.0
-0.24092651511383645,1.3671835142864133,1.0
1.905242291951473,0.7101394255596633,-1.0
2.8203649784828664,-0.6904700727002198,-1.0
1.043983123583323,1.7761114167566567,1.0
1.7501452035355451,0.43345015806339804,1.0
0.5212340201584461,2.470513893357747,1.0
2.788741085767882,2.250068290082499,-1.0
2.6537983579740203,0.10325376160404454,-1.0
3.310955610383158,0.5441508986439112,-1.0
1.1941839861829604,3.023868183640598,1.0
2.11423480607069,1.517646739852741,-1.0
0.8461497417596724,1.8574191246391396,1.0
2.3041811084610946,0.8499980937055555,-1.0
1.4934993154735285,1.3491801668469823,1.0
0.9059112911453253,2.560655213134217,1.0
2.2089801058766274,1.1809492749144195,-1.0
3.758612302568618,0.8147791324354354,-1.0
-0.3854971170363011,1.2704670815166552,1.0
2.6311361899184336,1.3714603106863787,-1.0
2.204203931032182,1.0573227206614266,-1.0
1.8736629956148922,2.2351829509691914,1.0
2.379223640929831,2.4288416351028284,-1.0
1.2689014421878362,1.4762722657563425,1.0
2.2539342280536503,1.460398998774155,-1.0
1.8875401697082816,1.802017357624809,1.0
1.7505651468731769,1.594223756188224,1.0
1.2786813860611017,3.212610008382154,1.0
1.0895909831386372,2.662404377717457,1.0
1.079683866226445,2.2638406201152987,1.0
1.8441314849464472,1.9726926738589605,1.0
2.940761310731604,1.4596928706105987,-1.0
2.034048077744616,0.24738766195207096,-1.0
0.7748813091189869,2.7358542787569484,1.0
1.0360635054698324,1.656686760460717,1.0
0.1954193826396453,1.192275496413273,1.0
1.8646185668673607,1.9214554958939254,-1.0
2.8948153622640196,1.3962446340888994,-1.0
2.6733683396689716,1.8487054131841498,1.0
1.3810082472415481,1.1074854352205334,1.0
-0.05610773737248498,2.216409627784323,1.0
1.526163940024751,1.4236385374792537,-1.0
2.8071731138056477,0.07070243737922366,-1.0
-0.07459245544096516,1.0258486384589394,1.0
2.0376973463866825,0.25342330001192637,-1.0
1.7597505557537922,0.07836851719543214,-1.0
1.7245101776555027,1.9228228025714853,1.0
-0.9424983550509927,2.010463234827472,1.0
2.5142443573246984,1.6168158300272388,-1.0
2.1719915135579635,1.3311332620949536,1.0
1.8337984190578724,0.7941302318806298,-1.0
2.2312048002907803,2.7773644560214574,-1.0
2.670036136484318,1.5464941824402314,-1.0
1.165992631667492,2.355070166035407,1.0
0.5997181285272593,0.8356718720270226,-1.0
1.8378930164887177,0.651719982593449,-1.0
1.7574696152681166,1.3658970735026124,-1.0
1.006193042192919,3.2480616318985667,1.0
2.478614117021747,1.2996407762776654,-1.0
0.6552564278571553,2.236630884721336,1.0
-0.16472696971367506,2.293733665887384,1.0
2.1199032650275385,2.1612867267858205,-1.0
0.46237514561691007,1.279707732327822,1.0
2.200404565354099,1.2298328258470812,-1.0
2.3513325512747127,1.188514319046126,-1.0
1.5771425646421964,1.3954230351238772,1.0
1.77977360144983,0.9278706862767488,-1.0
2.1379656402816365,0.34279174971861737,-1.0
2.867472389926292,1.8788160863597576,-1.0
0.5595383045426621,1.8715542194826027,1.0
0.9135796903635242,3.155324002859391,1.0
0.6238571860940204,2.503800920593175,1.0
2.4770171372374263,2.6647907241906603,-1.0
1.5332512626826031,1.3136671261170187,-1.0
2.425484307564047,1.8639351975093237,1.0
1.8169746174055366,1.4967369232796046,-1.0
1.2712283093308563,1.5873249777728926,-1.0
1.3570517487642415,2.1448701992798775,1.0
1.503640358196325,2.2140724126610754,1.0
1.1761002062094934,2.3415187676326017,1.0
1.1971249434983797,2.573114216978853,1.0
0.3380050036563409,2.922697671273992,1.0
1.4187174007330672,1.647961756605031,1.0
1.2597449467442243,0.9687416467922942,-1.0
3.7960068186946394,1.1848756252501382,-1.0
1.5536447206786292,0.8252171456940633,-1.0
0.31348212769948214,2.276065343343322,1.0
1.3335070391835753,1.849941774569664,1.0
3.245973039294491,0.6641370976955006,-1.0
0.857484326715199,2.164511834670063,-1.0
1.0240137728801928,0.3882286907443774,-1.0
1.0569300262982504,1.7754554346057176,1.0
2.570154200143518,0.09884169424156497,-1.0
1.303672625717904,1.3836320381332137,-1.0
2.476986476320528,0.05854290545498586,-1.0
2.044172535365046,2.034156854824675,1.0
0.8772512353574091,2.700777403566174,1.0
3.616052462456942,0.9644290069418381,-1.0
1.721770380333026,2.7833397095624495,1.0
0.8185172356674992,2.697054457033749,1.0
1.2202948535973384,1.2138236822083854,1.0
1.9015873205114644,1.5190550277072905,-1.0
1.3080431386237448,2.0702767537237063,-1.0
2.472020500635288,0.6191105762219778,-1.0
0.7636000308210396,3.0539109107430464,1.0
1.5189203464564016,1.9469652505060224,1.0
0.5296452154007845,2.4033704650903562,1.0
0.8526192581505532,1.1178325877861948,1.0
2.4120161811210528,1.9999741831376674,1.0
2.0671561717586577,1.351825747247091,1.0
-0.6558550097531575,1.3534782164951555,1.0
2.2925239784521354,1.8755957184735852,-1.0
-0.31954759208734873,1.8646883650113706,1.0
1.967312537878988,1.4947680989540917,-1.0
0.5453229733540379,2.2658185724517246,1.0
-0.07941256977450517,1.2086706370035607,1.0
1.594317305902882,0.7324685576744414,-1.0
0.771273450491582,2.0456970878353653,1.0
1.3233360490898578,1.713728045668594,1.0
0.6965489286306021,2.7295006829955195,1.0
1.65808999222814,0.20629116807452386,-1.0
-0.032620740961212924,2.2488091793002933,1.0
1.291997138703029,1.8235226592589064,1.0
2.2759377816040858,-0.1698089596456398,-1.0
2.2404314406459482,-0.211150741271372,-1.0
-0.2743453378353391,0.7690681530245802,1.0
1.7990894667461204,-0.13105309548016986,-1.0
2.9070603088070106,-0.010110385412064327,-1.0
0.5338631037588581,2.834110102297272,1.0
2.968069128123371,1.5471875328363955,-1.0
0.5399079155561959,2.624882606154497,1.0
1.2701203141998028,1.619007223541163,1.0
-0.46144775913682423,2.3336052464278634,1.0
0.5876252660559238,1.308528906511342,1.0
2.269547821085804,1.6785999063939472,1.0
1.4370539254311807,0.6702863163469288,-1.0
1.2401123466230262,0.7107355761373428,-1.0
-0.21149660838159856,1.4724451763596424,1.0
1.477725764155406,1.8124789499251843,1.0
2.8189849303476615,2.8630130952293085,1.0
1.1435052861969965,2.91323711291162,1.0
1.0157529706601733,1.322955475803444,-1.0
2.9316208033306412,1.0957907389087407,-1.0
1.8063668625249965,1.860085325731482,1.0
2.2718733757818343,2.852257795218086,1.0
0.7444049084414676,0.9507594785166713,1.0
2.5905112351197483,0.9637902051995092,-1.0
0.9555795185587836,1.4325254617375216,1.0
1.5687053410525305,3.7699950020595985,1.0
0.7589228267685035,1.5615364863373369,1.0
0.49295056014383876,2.7538472256351616,1.0
2.274313448087417,0.7764316302245173,-1.0
1.2790499989452848,1.9354550319310764,1.0
1.208640316383156,1.6510757448815767,1.0
1.6201182971011505,1.6914192588825987,-1.0
1.3529959682227406,1.8291620848574532,-1.0
0.8717764710126248,1.0259852861320962,-1.0
1.9700003075770658,2.613066803611087,-1.0
0.6661332301328132,2.9964912089903186,1.0
1.178684910462994,0.9863243216221702,1.0
2.194939215304742,0.6050794117446416,-1.0
2.797412161002428,1.354806517239451,-1.0
1.0157533102856058,1.4689003964451457,1.0
1.4754263721980194,1.562957091512582,1.0
0.7425090531068061,1.185926929222907,1.0
2.2495322654695387,0.6381352927445749,-1.0
-0.35368779976156994,2.1926777814233445,1.0
1.34709700816228,0.9633656505414898,1.0
2.1555490330945064,3.134923719956526,1.0
0.7898179992122194,2.055996931807206,1.0
1.679177731524537,0.4931731719014518,-1.0
0.38206743855395087,0.9704442646866565,-1.0
1.030781075710244,2.391448213788642,1.0
1.563971282854099,-0.099140797203072,-1.0
0.9385602350052554,2.6704506800405685,1.0
1.6668513260402207,1.8159364627322994,-1.0
1.068556048618782,1.1187138093348734,-1.0
1.4421435201546187,0.5203663976978814,-1.0
1.7142913580072054,1.169581618450498,-1.0
0.8734919025164425,1.8456347139055693,1.0
0.23767070026955117,3.8488327351301432,1.0
1.0907446982069255,2.3419447083463996,1.0
3.6019827844204113,1.3914609860566687,-1.0
3.3345577640763437,0.10271101993683585,-1.0
3.2164080813788667,2.222047961330211,-1.0
1.4348390619162932,1.0023959849559612,1.0
1.829410266437066,0.9373087939719456,-1.0
2.7873207041236396,1.95911791839983,-1.0
0.10007054231720514,1.7511956448791708,1.0
2.700671921821813,1.0657474865744494,-1.0
0.9300477975676941,1.468890418401751,1.0
1.1418264569368326,2.4244571976572975,1.0
1.9818083719157202,0.5997824524958637,-1.0
-0.3041428598476452,1.6593352521651288,1.0
0.6684906466764202,2.294841549998202,1.0
4.164002372221245,1.2757641233327124,-1.0
2.3597870788092985,2.644965573879605,1.0
1.9512943568190018,3.6987518570612687,1.0
1.6621640600434242,2.026749753639895,1.0
1.2919707578126045,3.2414523283394807,1.0
1.7123406232575515,2.8948811490568933,1.0
1.42579581114284,0.7843707800008952,-1.0
0.8777385216531268,1.5728213616898037,-1.0
2.02403123897467,2.2952697553620878,-1.0
0.34873495896679285,2.5956485928449857,1.0
1.0711668774758318,0.2085249938057997,-1.0
2.2554309138142545,-0.24559329833186538,-1.0
1.1483722270326375,1.2360069717625315,1.0
0.8012103387171703,1.300136090870766,-1.0
2.0729299420183307,0.6622277594295882,-1.0
1.0157294654475266,1.1820881233369447,-1.0
0.7838702696865412,1.9227496693845794,-1.0
1.2481265682644773,0.6429830011069834,-1.0
1.7755764618036758,2.970107784123706,-1.0
2.476007045634014,2.0114794097446724,-1.0
1.4881289181865294,0.3752467795642249,-1.0
2.918234554257146,1.8353177269049943,-1.0
2.238876627861667,0.20472843775565253,-1.0
1.0070039474302142,1.8062475480394704,-1.0
2.9053944688018625,1.5542659919397335,-1.0
2.327748961475416,0.2703646810083652,-1.0
0.8865487077663899,1.658748879425849,1.0
0.7196649433585742,1.1994041374459594,1.0
1.121179060320594,2.6070219101056153,1.0
1.6926224129503051,1.979865521722042,1.0
1.4764092428254196,1.9372100480286032,-1.0
1.9006254262403628,1.3295366874175427,-1.0
0.06792095191719083,2.2733051885119315,1.0
1.5957102800299305,1.8809612057046003,1.0
1.0036031994649965,0.6596998251264123,1.0
1.4220536446314274,0.5369808094808399,1.0
0.9213096509517211,2.0689522642827503,1.0
1.0690925660992716,1.5434521240281414,1.0
1.7020287423514238,0.3925261004760471,-1.0
2.3360550056062106,1.62923287580512,1.0
1.2255345441434817,2.2239466477353718,1.0
1.6507476889369337,0.8963972964273077,1.0
1.2547807450939197,0.603663178040377,-1.0
1.6210262115938847,0.34272814992332923,-1.0
0.5007962816302036,1.8818118353555269,1.0
2.4197178199431155,2.639365040102959,-1.0
0.9324700726626658,1.314305952932176,1.0
2.151810336182783,0.850969239706358,-1.0
0.846610851569247,2.326912580069861,1.0
2.148547881215827,1.6711699289009387,1.0
2.7396460253327595,0.8482357335278995,-1.0
2.8255731585306254,1.1503565740770823,-1.0
1.155972503755449,0.0467117972205261,-1.0
3.1994414971910317,0.15695321067443502,-1.0
1.0490837983883714,1.7224886625033982,-1.0
1.6223264181797765,2.55803646740116,1.0
1.8704201800854352,2.207138586463988,-1.0
-0.7293894068896656,2.5735410081405874,1.0
2.2889750669132103,1.0626696900510113,-1.0
1.9750324719724217,1.4347323073740572,1.0
2.4196696061186698,0.8545745186750211,1.0
1.4329260156895143,2.926646775085516,1.0
-0.09855220747655458,1.097554388335762,1.0
2.1146899957377565,2.5254300107159153,1.0
0.7070695559435194,2.2671558403692904,1.0
1.4786730989096797,1.936945273392957,1.0
0.22746924819772985,1.0764972781200366,1.0
1.1250565908376453,-0.6033833159602362,1.0
1.6536046249782121,0.3368561517374131,-1.0
1.4240773944898648,1.5655849286615966,1.0
1.6455495548588013,1.6944109388707609,-1.0
3.374259606728527,1.06638151827237,-1.0
-0.11480588490972798,2.087474342376124,1.0
0.23539989243734583,1.9946834258238946,1.0
2.4554576327447206,1.4350195044869813,-1.0
2.372748206689792,0.4274764674974716,-1.0
0.8371278294648274,1.7312575159994357,-1.0
1.715052979447911,1.857053324173985,1.0
2.1646787257774043,0.9276216409450736,-1.0
0.8339784396237611,1.7691556649651077,1.0
2.644998033054857,2.325367336302658,-1.0
2.919174096172439,1.2635598730932716,-1.0
1.1172287154812905,1.7325277323435084,1.0
2.110601587427503,2.166198409802671,1.0
2.4220130739551347,0.9758196103562922,-1.0
0.6854028863068383,3.1675862902803082,1.0
2.1308657416459607,1.9676687049358468,-1.0
1.839365839620533,1.9874876152583487,1.0
2.2438028408533275,1.4517525699063265,-1.0
1.71934293602017,0.8899073413738896,-1.0
1.7715347986606744,0.3217736614710045,-1.0
1.2443433171349665,1.884860607462579,1.0
1.0616514653592255,2.035810101889438,1.0
1.3848754049669378,2.987432165890054,1.0
-0.22060948996993535,0.982477898057836,-1.0
1.5219369709290098,1.4135686030659076,1.0
1.8524628417013946,1.68052627065881,-1.0
0.7397900912858455,1.9104604380348658,1.0
3.0045964847191735,1.2488661752940695,-1.0
1.90796224705628,2.5367191062204197,1.0
1.1410486770709114,2.2315816728738076,1.0
2.0563250778963926,0.7197647319377982,-1.0
1.3694461001002023,0.25701608680985644,-1.0
0.6150973556457662,2.358130632931951,1.0
0.36332649151421503,2.538698616187328,1.0
0.7468218453186253,1.9414755528200587,1.0
1.2268443949213732,0.9752181587676965,-1.0
0.9144755833526013,1.3241420704292914,1.0
-0.25938954436938366,2.373539592491681,1.0
1.2368776894682378,2.1010277256130534,1.0
0.778949335052115,1.5574040327771257,1.0
2.0281004235546822,1.42492418753374,1.0
2.0990042716175075,2.05507733509108,1.0
1.6820492487975784,-0.006374679786468773,-1.0
2.2175314060845737,1.8279148098483715,-1.0
3.1006771868109846,-0.4394748093854124,-1.0
0.8503278183549214,1.920862767342008,1.0
2.3936290172485837,0.5106303908344412,-1.0
2.339474623724463,0.8602523527587743,-1.0
-0.19139869355625283,0.637804238823537,-1.0
1.4398656719620047,2.1059674484359716,1.0
1.7225494850548382,1.177544585704141,-1.0
0.9116941501000455,3.417095211079438,1.0
2.339223805150839,0.7512522056384242,-1.0
2.251272635739908,1.903371644997243,-1.0
1.4157628105258442,1.1892166963178399,1.0
0.3241363874780572,2.545601550837933,1.0
-0.1401266678832469,1.5717237306404346,1.0
1.7937846068364123,1.075916893156199,-1.0
1.448144417928832,-0.33713291411770663,-1.0
0.8617817036982397,1.6139072166103572,1.0
0.9494837274762731,1.4460881320674623,1.0
0.407836293929972,0.5258190667437797,-1.0
2.7859689527501668,0.9291563145941507,-1.0
1.989773436275052,2.4082035982432046,1.0
0.7371121695354976,1.0033093888379352,-1.0
2.511354554110242,1.0532793215986744,-1.0
2.148565721628673,0.6618505671026131,-1.0
1.6861369860379742,2.077210443821071,1.0
3.476397590275254,1.6740606667544804,-1.0
2.0230363390169703,1.6570248560344933,-1.0
0.7837212416243047,1.8061421706051757,1.0
2.395570662715454,0.5686977719841245,-1.0
2.1415052065387257,0.7482300567156059,-1.0
2.1436390746282825,0.9208346856063002,-1.0
1.3759578558196033,2.076340367425456,-1.0
1.920838259224969,2.113954651792456,-1.0
1.2166823908229127,1.6394345702913908,1.0
0.7520862391589623,2.5230717902289155,1.0
1.416176290388224,2.4821416583403857,1.0
0.9973346010756221,1.9512686861722073,1.0
1.2016715808267566,1.6596215594324237,1.0
1.1229202598327073,1.7354713537585789,1.0
-0.2609870771886431,2.8859115604276933,1.0
1.036757435084025,0.3644081347564616,1.0
1.2443714694839667,2.3194435439393097,1.0
0.8694847203662925,0.5797702928500328,-1.0
0.2231430211752533,3.0004090074583756,1.0
1.4066243740962134,2.2719370579027616,1.0
0.24452078754837092,1.687479157147989,1.0
1.9688297564462607,1.0299390822253875,-1.0
0.6730352825566936,1.646666889146987,1.0
0.6913072686807287,1.9490954154365328,1.0
2.641033408124362,1.7252161400377706,-1.0
1.4505654484765547,1.0169606337844377,-1.0
2.5840172262950016,1.2086560068661896,-1.0
0.907840190228298,0.35995677211698784,-1.0
-0.7835545250491835,4.028101570993234,1.0
3.2264526341149145,1.4055982440659402,-1.0
1.269293086123631,1.0744112378707213,1.0
0.8275081981880108,2.3670017896518987,1.0
1.699763635768782,1.4091770181492915,-1.0
1.5249765511699054,2.401122348947578,1.0
2.3482248147295848,0.48157679979109846,-1.0
1.2345473784046066,2.535982118959638,1.0
0.8284134111958137,1.6784662687595573,-1.0
0.999913991549732,0.978536139490956,1.0
1.2404515704641013,1.1085687478471908,1.0
3.09361806144582,1.1486919909928412,-1.0
1.2130386980975196,1.2892034313002667,1.0
2.2089176300044966,0.13883723642618262,-1.0
0.8759955136925152,2.863340756629531,1.0
2.0787496337816416,1.4333898410987573,-1.0
0.5314795839723929,1.7764463218346624,1.0
2.254965358987457,2.310311589020853,1.0
2.010596107472482,1.3764477212465513,-1.0
1.2261842187136158,0.29207822096049507,-1.0
1.6487230635692556,1.853506376709951,1.0
0.3832249051128316,0.7434391049197059,-1.0
2.1085533299296975,2.811373040690138,1.0
-0.6531912049125768,2.3275744532517986,1.0
2.0148402940651984,2.9627557626953207,-1.0
1.4069322020859625,2.4747880839311103,1.0
3.280373905039763,1.5356727013883662,-1.0
1.3636051241836844,2.109295280385053,1.0
2.8675769558433126,0.7042901654045339,-1.0
1.178773574157737,0.8464495494971362,-1.0
-0.1366121740803914,-0.3891581696082007,-1.0
0.10542800481843762,1.0155095656025872,1.0
2.588445697634772,0.19397698041011147,-1.0
3.5780878722981164,1.709275347395777,-1.0
1.9467832150534508,0.4235446319504711,-1.0
0.5761482581438866,2.418354021299919,1.0
2.0716675834649565,1.641052448524868,-1.0
1.3981342703834994,2.00821592835487,1.0
1.3590117931587846,0.14925572268830123,-1.0
1.8174675934627542,0.8158334526684078,-1.0
0.9490370817984686,1.7972585911083567,1.0
0.8662567356295581,1.9233189704520204,1.0
0.7398493127403469,2.7594281116386616,1.0
1.025468719983434,2.6848546007500924,1.0
1.4054172139189987,2.0784789749644808,1.0
2.9151873217019464,0.2151126778627287,-1.0
2.104594392191395,-0.42834204848638446,-1.0
2.70111622067106,0.9939334479999908,-1.0
1.733435957341352,2.404335125443331,-1.0
2.332571659589689,1.2490663214205922,-1.0
1.1233228716785721,1.5622293968464827,1.0
1.2845239626917686,1.5038867827278222,1.0
1.2424177698931052,1.2333075540255114,1.0
0.6397454775423395,1.9845792235574096,1.0
2.213862442889678,2.667949422494995,-1.0
2.621109423250958,0.5746460845022392,-1.0
1.8444863652664973,1.5401025212267636,1.0
1.572417097462583,1.967756262075292,1.0
-1.0001421872890441,1.7848899907613405,1.0
1.5160941593210646,1.721275797422056,1.0
0.846919837307293,1.4229011856050797,1.0
1.042249619263693,0.8154249336400013,-1.0
2.9242698514912777,0.35851984416938987,-1.0
1.2828077965917757,2.3795721268857712,1.0
-0.10126998996773917,2.823684648039828,1.0
1.5648089447651268,2.139306733518282,1.0
0.9519335311997879,2.6418519098378157,1.0
2.5134909164383887,-0.054041798943855524,-1.0
1.045790735571319,2.859864993676459,1.0
3.0397047408159397,1.1678167620739461,-1.0
1.6742176944706304,0.1933524958672781,-1.0
2.606118081146615,-0.6314735811158152,-1.0
1.7496913062894666,0.9937954081913427,1.0
1.8172234800999145,1.8167569718796226,-1.0
1.3559078233093866,2.835181787150813,1.0
0.44111736028533044,2.0763073942075714,1.0
3.001433193328026,2.1605278917137065,1.0
1.2426615092937885,2.994036061413743,1.0
2.535731113698554,1.5210055713690303,-1.0
2.170440096055735,1.5828287847818405,1.0
1.1321425033435337,2.41370446901973,1.0
1.5578190188199648,1.7506305770027561,1.0
2.8197912904243214,1.771228590020436,1.0
1.6948187588683903,0.7457744153771884,-1.0
1.2856740375314506,1.4485574616279928,-1.0
2.8439154542010656,0.9154256416970441,-1.0
1.877333094825357,2.855224596874967,1.0
1.5127500735803632,0.9596470821937707,-1.0
0.6699381650236584,0.932237224157314,1.0
2.1025395391426906,2.121127275704976,-1.0
-0.2436101970992406,1.1948008283336204,1.0
0.8909526186605082,4.066616879306584,1.0
2.5785328259895257,0.37969822831105304,-1.0
1.2113166829117281,0.8555736310416988,-1.0
1.72329007664358,1.5222352834322312,1.0
1.504092417072759,3.298324999938796,1.0
2.2684563096483914,1.8384917151568396,-1.0
2.5244328339371904,2.1587246514594787,1.0
1.320562784764926,0.6874942191885068,-1.0
2.287668152051303,2.220531085215957,1.0
1.5354414653013406,2.486238537306018,1.0
1.9769622587020155,0.8829380530444086,1.0
2.504728903777952,0.8996577426850011,-1.0
1.111656543220353,3.067258094583409,1.0
0.3846040389730153,1.890678080749481,1.0
1.8339151821453823,0.4565560546340054,-1.0
1.9783609671218658,1.493959935942914,-1.0
1.6955500551722344,2.0387712761734833,-1.0
0.9111769597937768,1.758146550686894,1.0
0.3815024588994276,1.5956846694774889,1.0
0.20657857785586553,1.5582707180053108,1.0
0.6629036317419739,-0.6195036852424278,-1.0
2.035993876907815,0.6459047097709472,-1.0
0.554106773329322,1.959036665782864,1.0
1.8711217639925393,2.1672054846452595,1.0
0.9787228823860051,2.3839120738677333,1.0
2.626032034562397,1.424191552829837,-1.0
2.5627533177093422,1.6360391622277894,-1.0
1.1743677016563003,0.7063264737609956,1.0
0.4820525787666987,2.240079804429952,1.0
0.7337213181026796,1.213329817359443,1.0
1.963570924874821,0.7396809304693356,-1.0
2.8518458271871903,2.6688667109158684,-1.0
1.7394403374044483,1.2953041166295227,-1.0
1.4132898158589908,1.4786267127487158,-1.0
1.227591377183602,3.1521837766723566,1.0
1.6944868926087124,1.11218633106581,-1.0
1.0671788014877213,3.0133539939933467,1.0
0.39143067517300845,2.946873925443094,1.0
1.9015524008824638,0.1790004409297884,-1.0
1.6442830144530443,1.2094147201733074,1.0
1.5571460781039326,0.32587941221381955,1.0
1.0749198069840302,2.748880010546743,1.0
1.3723417548671046,1.0017731216929204,-1.0
1.125971780832955,2.2775920570653128,1.0
1.5701940824418121,1.3743312405822898,-1.0
0.03997515806869034,2.572339692245064,1.0
2.382909255764776,0.4325535265224236,-1.0
2.100339264640289,2.9180474447654157,1.0
-0.06235296488503472,1.8347381556550197,1.0
1.36200774613383,2.7913671340444157,1.0
1.973578371005293,0.9564433539216898,-1.0
1.6344295990804405,0.541552198556716,-1.0
1.700721484117706,0.5130218654505612,-1.0
1.1007340656642206,0.6521356595215326,1.0
1.3168110654713976,2.654060817567749,1.0
2.671411579197344,-0.07612887165570759,-1.0
1.9507876543509137,0.7236088105136396,-1.0
1.1460853715007568,1.8225511491494193,1.0
1.1545155976205677,1.5038099197404853,1.0
1.1729693881828662,1.9931173587936286,1.0
1.642168250981864,0.5244942647271011,-1.0
1.5256788110510033,0.16136180280342205,-1.0
0.27032393804281607,0.9657171127361883,1.0
2.6719911651338277,1.9038858076644307,-1.0
0.7675316948772454,1.7656299367298969,1.0
-0.12124459530026499,0.7425305606396826,-1.0
1.6545643159165997,1.856873354608508,-1.0
1.3410698851361607,2.1955779622032274,1.0
1.9877866697156499,2.2587384712515717,1.0
2.3845935910356335,0.2618247715940988,-1.0
1.462888603866537,2.1366208522696666,1.0
2.3102951164430934,0.8119037388567856,-1.0
2.3023477513479134,1.417042661966379,-1.0
1.2502519773017913,1.5264304493857597,-1.0
0.7087999733996023,0.7688548500328354,1.0
2.0293899436832104,1.1714004144350987,-1.0
2.19100428320995,2.4459815330159147,1.0
0.65232054230543,2.0818904465223094,1.0
2.4350413902815173,0.7696021888741267,-1.0
0.961921075752214,1.4754808688493046,1.0
1.241488629938244,0.38736390381832797,-1.0
2.8039819277437776,0.6916924596317479,-1.0
2.157945475676295,0.8854216525693005,-1.0
3.194811332494968,1.529234463118203,-1.0
2.0041661367515733,1.689006258319171,-1.0
0.7257046479029381,2.26221927515117,1.0
-0.09805815108442273,0.759926696545983,1.0
1.6163159199620667,0.7061056260533044,-1.0
1.162215221247122,2.882675349344339,1.0
0.7970317375559455,1.0378146103951789,1.0
0.4343491872193763,1.2224526143682126,1.0
0.8342761415945643,3.09650617010752,1.0
2.085597266490089,2.2506086764521642,-1.0
1.4690583709645342,3.025698853794328,1.0
2.091568866533141,1.527922526943677,-1.0
0.7682514919563147,0.8235704553017495,1.0
1.9718734802531785,0.4247668550874981,-1.0
0.4863243121724927,1.713193445329887,-1.0
0.8220196905599646,-0.8569042947868133,-1.0
1.626012511519274,0.539550353556689,1.0
2.662654750305118,2.077621527311643,-1.0
0.33376536648583,2.3729987533988544,1.0
2.7418532264262354,0.5315435830477604,-1.0
2.5697002271147857,1.0499064069088544,-1.0
1.9201472304433227,2.3456321728640854,1.0
2.2049950891665437,0.8004514827611611,-1.0
2.9995040263878736,-0.07898721110446427,-1.0
0.4211992881897608,2.1561073398160904,1.0
1.5508703553305079,0.7468229358079366,1.0
1.548950479058924,1.0502021327555129,-1.0
2.9163106853560787,0.37467160186013704,-1.0
2.7604032026087197,1.3281636944071884,-1.0
2.0420358234939435,1.0599397276477236,-1.0
0.34404221357418974,2.52663869337269,1.0
1.4688176962408703,2.6962872043622923,1.0
0.04779453125239885,2.661305015628605,1.0
2.9341127588702007,0.5227646649895923,-1.0
2.0699505352262113,1.767236024655892,1.0
3.303508461009354,0.42896954951172883,-1.0
3.3810690745868097,1.5947112529749172,-1.0
1.3717805356683765,1.8806392931283331,1.0
0.41203583223068496,1.0252898263334749,1.0
3.262970439274395,0.4091105621960306,-1.0
1.5706910992691743,2.1881775751536274,1.0
0.8919894015289437,1.8064580021806718,1.0
-0.019666861074372655,2.0342233175212563,1.0
3.4205702189413265,2.148637525892159,-1.0
1.2047602207149724,2.5913346146821326,1.0
0.7233884983215503,2.941689310607493,1.0
1.7215370533263692,1.9398970162377276,1.0
2.121175678615575,1.6774755048968764,-1.0
1.244146886915764,2.0232480769204946,1.0
0.7955757816075681,0.9108921954132004,-1.0
1.5334642304535533,0.8585122427657573,-1.0
3.31359982476373,0.03115847956569473,-1.0
2.1775445197399823,1.278752264725394,-1.0
1.4127539563723324,0.2829379988800149,-1.0
0.9268185793302128,1.887580549789577,-1.0
1.6120091665712468,0.965853624446088,1.0
0.9921390698993964,1.8019513423459204,1.0
2.9240168370794635,0.602244168964905,-1.0
2.0647099747230886,-0.5206283959790898,-1.0
0.8029400034259135,2.8324605565480727,1.0
0.7036129858948876,1.122144395802053,1.0
0.13803941148915722,1.2716948565559463,1.0
0.25990423292282483,2.578258013529349,1.0
2.6429312982609927,-0.016859919609507612,-1.0
2.285293684224479,1.8611197918647546,1.0
2.697910300702434,2.641324009501277,-1.0
0.5484061613684736,2.109742407038232,1.0
1.6362060640171876,1.8430773390268198,1.0
1.6420057515363116,1.2269985766543394,1.0
0.8061137861969532,1.6723620452417303,1.0
1.9096757798474844,0.5307782540152328,-1.0
1.9328731859250465,1.2663691594244377,-1.0
1.665076372335584,1.542024256575765,1.0
1.392200362417972,1.1332593607895227,1.0
2.445477807446358,0.43059304526514164,-1.0
2.2358786147062553,1.0775611002531937,-1.0
0.9473661463347408,1.989536756834016,1.0
0.27439265212803565,2.6220953881420543,1.0
0.2360897779349237,0.9912717902533463,1.0
1.094726547602727,1.5476630527916664,1.0
2.4602489741758236,0.6297444215497264,-1.0
1.4633123881229217,2.291005526205208,1.0
1.3086154262802967,2.460993885500905,1.0
1.4916371231311658,2.5097978585698857,1.0
1.7614969487195922,1.2807130726072464,-1.0
0.6534175466753195,2.401962242856765,1.0
1.8071893127989782,0.2121196093260852,-1.0
2.071674756634373,1.544018959218517,-1.0
2.1449976432786864,1.7897115742434937,-1.0
0.49092237932169924,0.9978070954449897,-1.0
2.0255979001072535,0.9171071316579524,-1.0
0.35903294152302756,0.46837114784597655,-1.0
1.8323717100153356,0.06855781319176424,-1.0
2.4021516739843483,0.8015063128422334,-1.0
1.567016165221045,2.3813331430369016,1.0
1.7810203350671456,1.5387509745765529,-1.0
1.3358719694544432,1.8698226715862067,1.0
1.7259578328211158,0.17220034715276022,-1.0
0.967234148593799,1.7046384279237836,1.0
0.18094050724992572,1.1837820765956577,1.0
2.1695795800105806,2.034854938511759,-1.0
1.6528667370683061,-0.12027325339337192,-1.0
3.1484380170741275,0.612797678528237,-1.0
2.782497350496538,2.1463009848480636,-1.0
1.0378958234831188,0.25924592520748446,-1.0
3.1137016174868464,2.2194492334511082,-1.0
2.0190862502550346,0.25559155877725503,-1.0
2.4069177082204667,1.1699955972591476,-1.0
0.5161044728070783,2.547263701297168,1.0
1.2455984210455893,1.0996663298094707,-1.0
1.1349118345533062,1.1068790032753126,-1.0
2.158995819473277,0.6289709840176826,-1.0
1.175344329167935,2.289458613407958,1.0
1.1038984568235428,1.5782867320293488,1.0
0.7420936123848224,0.6520972787721813,1.0
3.0776730105893693,0.6820217676310153,-1.0
1.1246010471338692,1.5442318053252162,-1.0
2.0500660525698855,2.1751621593794535,1.0
0.0821962544187751,1.5263533362646782,1.0
0.9061173876351023,2.6881472863200173,1.0
0.7800152388959023,1.569663051769742,-1.0
-0.01928828073468858,2.9600554383387854,1.0
2.09356234173314,1.3213229294211504,1.0
1.4454487787626829,0.4846663121336524,-1.0
2.8160651271160084,1.511363079353421,-1.0
2.99479872489441,0.20109199614285234,-1.0
-0.36758927786981976,2.6837449391531707,1.0
0.7056876440427888,2.1343278895450424,1.0
0.7624720461445806,2.3409378688898625,1.0
2.442627117496325,-0.6302543028623318,-1.0
0.3029605585712508,1.7683060148241432,1.0
0.8063457226290209,1.9529945610667607,1.0
2.542527763412404,1.1318314603823365,1.0
1.5978596586288054,2.3055180374535515,1.0
1.2360369910160904,0.24143647762431497,-1.0
1.3430753428667817,1.964771879537983,1.0
0.8980132708978332,0.5448841179732544,1.0
0.8714417147058524,1.0286116589211314,-1.0
1.7733787692507186,2.2687300211590333,1.0
0.507788280059186,2.419374589982107,1.0
-0.3734323334133225,1.424430178649441,1.0
0.5956378924292751,2.1334008341512147,1.0
0.786273204974248,3.3125550732400724,1.0
1.1538761237695234,0.4188989215446678,-1.0
0.6235167286279362,1.7101290093903252,1.0
2.4876962785054366,0.5637116714275645,-1.0
0.9255283154127801,0.723723851088143,1.0
-0.9564702242617724,3.8166513755689078,1.0
0.7228959148028665,2.2073306107283104,1.0
1.738189811413272,1.9950878527415439,1.0
0.5174449016056126,0.711774095861456,1.0
1.2950422935729595,0.9215990593516785,1.0
2.4622542271123655,0.22463342404660536,-1.0
0.6274289833930564,1.224634747218043,1.0
0.9269987173793943,0.8315387535258827,-1.0
1.5830024498179052,2.233849262051062,1.0
1.5191417166016414,3.0050448419300757,1.0
0.9681905460664589,0.42005701248200644,1.0
0.846336111839115,2.2065024015507833,1.0
1.6445824122208441,0.13596165397522797,-1.0
1.9819568043179088,0.8100594592629842,-1.0
0.9379821345524587,0.9309555830923735,1.0
1.1878289964025945,2.145686329422062,1.0
0.3632375979629522,2.9489956981318546,1.0
3.1050099028305835,0.9455091141832292,-1.0
0.8965768741712152,1.3195444784950356,-1.0
1.3846069603460296,0.8562285193593542,-1.0
1.880029110366583,2.1885210172125555,-1.0
1.8615381368489405,0.5964345268603004,-1.0
1.8807121995105365,-0.0978099573504756,-1.0
1.6082150554436214,0.8290057475292818,1.0
0.018812261980893696,0.6945785438436465,1.0
0.2923282067758639,1.9698128742818493,1.0
1.043406086372575,1.9339020152145046,1.0
0.26862848704833775,2.2013601929788376,1.0
1.5155173698949744,1.6914222484395407,-1.0
0.8975673719624546,1.7027882745865544,1.0
1.0435958340545322,1.684003481972573,1.0
2.1055078638084246,-0.5484131859048045,-1.0
2.1476737465115607,0.49339630637300935,-1.0
0.5981081036646942,1.8817974181388504,1.0
2.848090918877947,0.29044099428211856,-1.0
1.0895263183269641,2.661210682672501,1.0
1.4633386830180921,-1.3797652916657315,-1.0
2.0054415956545424,1.1900637213836582,-1.0
2.5260249588830708,0.9608346868748286,-1.0
2.6111764012560297,0.04333694197688964,-1.0
0.8100991080178812,1.0495432251470296,-1.0
1.2777467438606542,2.7116995294415958,1.0
2.507535901600962,0.7621175656840457,-1.0
1.1676332320875373,2.573055673571376,1.0
1.886787227645831,0.08439310594855054,1.0
1.116147028192838,2.2646050798611563,1.0
2.548932491603172,1.1148845724958047,-1.0
1.165715627563838,2.301427296786917,1.0
0.7341315377312765,1.6183559678241197,1.0
0.5359162316492248,1.1760610379259606,1.0
0.9357083244434897,1.4635251923912866,1.0
3.135196773330543,1.2001823718665983,-1.0
2.1463013944806404,1.2582290976904613,-1.0
0.1387415266624754,2.4925198136149067,1.0
0.1892392596781054,1.1256122313685206,1.0
3.642002791224024,0.14099077971649876,-1.0
0.027657980564497864,2.816073340059458,1.0
2.121601960070381,2.0368394667183214,-1.0
0.5770898456226643,1.067837030865408,1.0
2.826516583147595,2.3695546443041957,-1.0
1.0520052897247703,2.2611892647117253,1.0
2.304482355278734,1.065814584643687,-1.0
2.1402981535356136,1.3195015205306797,-1.0
0.9007571935937433,2.3876421961953618,-1.0
1.2448548759838658,2.7179046909682416,1.0
-0.09163328154667316,2.072164056852502,1.0
0.749546454591108,1.674685966917346,1.0
2.6306577548878,-0.3957608495084841,-1.0
2.4093207937506156,1.2648362814929155,-1.0
0.3337274461006444,1.9615238372752768,1.0
0.8201158842390888,0.9935332379931037,1.0
1.8483847932272548,0.326833173435337,-1.0
1.3861807714527505,0.8555511983360928,-1.0
1.2018163164015552,3.314299357008563,1.0
2.6521847242893504,0.272786934246382,-1.0
1.7185202190354771,0.9565057116662742,-1.0
2.0523016665509077,1.9374172180485596,-1.0
2.195612696567151,1.3357013667548812,1.0
0.9620698926764998,1.604306451277175,1.0
1.2671329307417123,0.990613000785383,-1.0
1.4435036223737978,2.1026415510930563,1.0
2.1258102405335615,0.39660842864401646,-1.0
1.001983018840352,0.5545644407332846,-1.0
0.5198942675794077,1.7338224294183253,1.0
-0.18585286062112316,1.1950455011730092,1.0
1.3658784739197674,2.2259328224080526,1.0
0.6869158779806432,3.002225996135305,1.0
3.0224255894999987,-0.21034875902903805,-1.0
2.3435463375533447,1.5939994842248377,-1.0
0.9727730942241956,2.3687322701633935,1.0
1.329113980264232,1.5060279257869642,-1.0
0.13325847980772143,0.5868093604141826,1.0
0.6913958679336457,1.8361843304586496,1.0
1.5180085519184718,1.7339884860887147,-1.0
0.8641351853642666,2.8545825992949503,1.0
1.5608068240183268,0.18425180606888625,-1.0
2.178516710724562,0.31448394327614027,-1.0
1.146981005576946,1.4396258702115383,1.0
1.867944812085776,1.3700957406815313,1.0
0.615109701854033,2.777169808649875,1.0
2.0758221909134797,0.159931888100463,-1.0
-0.19173289960822437,1.6305788947925264,1.0
0.7933131924599904,3.194846596491508,1.0
2.220533566243806,1.1799603325830097,-1.0
1.9014519268627852,1.4376121827490396,-1.0
2.0175566165914707,-0.09782589613574966,-1.0
3.3426008318493694,1.8243664998393172,-1.0
1.99541561740245,1.5985688423066127,1.0
0.9146474749295401,1.5335871175142608,-1.0
1.4334655776075342,0.2517810686205042,-1.0
1.7053055690491667,0.5243668936158691,-1.0
0.37424266293526054,0.9107896116256085,1.0
1.1460504945675507,1.3020336657490956,-1.0
2.0200678407016888,-0.29509641828126676,-1.0
2.0284634264294072,0.4597724605078627,-1.0
1.0914230371492954,1.8431863178836876,1.0
0.5752328815000456,3.0506459866920466,1.0
1.080918453075208,1.1008997044457398,-1.0
1.3820900958174567,0.09850768251607611,-1.0
2.5687898473966637,1.0603553951882287,-1.0
1.41791524353263,2.459474875483031,1.0
1.8267038210810889,1.1258760619082413,-1.0
0.4589143703969377,3.0063031300907044,1.0
0.5859320312721867,2.023508397934284,1.0
1.5984224621790826,1.2911179139391669,1.0
1.6242920506521052,0.16542545680984688,-1.0
1.7644998098001734,2.648671557976582,1.0
4.269210597730952,2.104558098058395,-1.0
1.7200077912593805,1.997561392600316,1.0
1.232076046896461,0.9767414505672918,-1.0
0.5435912589711971,1.0156323861094858,1.0
2.7846748987242513,0.3334161520088079,-1.0
1.8175602911291344,2.0185823495108495,1.0
1.521620528943286,0.7183062233258592,-1.0
1.9196706675202773,1.2146383766760753,-1.0
1.6903617148233285,1.8593213236143105,1.0
-0.622203261890655,1.8101914155201517,1.0
2.162767484643639,0.6041879916991759,-1.0
2.5643757962595766,1.8841650929536957,1.0
2.163754973812634,0.7281052403889163,-1.0
1.5440987757366624,2.3908719040531614,1.0
2.593630277802638,0.7289693996647977,-1.0
1.5465495326227303,2.02886651067391,-1.0
1.879271041649861,1.6474093808337855,-1.0
2.518581035175821,2.246981150777129,-1.0
0.1450475762616148,2.054234205655936,1.0
0.8157285123023679,1.6125634947396414,1.0
0.032354285116639625,1.1469684517405407,1.0
1.072240137599081,1.262207034615154,-1.0
0.7803736813349267,0.5770382680182817,1.0
1.7248894482096135,1.0650447435687518,-1.0
1.5252069462001205,1.5342679957137506,1.0
3.017217107761367,-0.3854033867007609,-1.0
0.1274939589874282,1.0152481263143005,1.0
2.504305291310805,0.7891773560635695,-1.0
1.5425091309979047,2.763950308848977,1.0
2.941563593834913,0.7938664872095434,-1.0
2.4785025837017978,1.1406750524341347,-1.0
2.8352162641706538,0.653372322592825,-1.0
1.1841088724207232,1.0422070840867537,-1.0
0.6830331706569057,0.7378344058335938,-1.0
1.212682735531159,0.9855332891008012,-1.0
1.197782944815417,1.7155551240194968,1.0
0.24847502776024788,1.4076956557753457,1.0
2.195437219272806,0.9012940189072577,-1.0
2.592288509533375,2.3724065803981125,-1.0
1.7902233305862154,2.847330495251594,1.0
0.37134498615752554,3.683653857450891,1.0
0.9399383297187598,0.47348466553821944,-1.0
2.2216662606484725,1.6967542615185183,-1.0
1.3077575743615233,1.921690217779233,1.0
1.711840222071498,2.3809472810455894,-1.0
1.434851705856513,1.9756454587156826,1.0
2.161559256396356,1.4188320891992179,1.0
1.17435211938033,1.0375891998269688,1.0
0.5283993256974575,2.0826750844992508,1.0
0.5244016748578635,1.2805808433496755,1.0
1.8321561657948595,3.74579971585862,1.0
0.9709553263393329,2.239089903483667,1.0
2.2519159218734717,1.4794635172896986,-1.0
2.6089598490603656,1.1031297021220319,-1.0
2.1901729940759798,1.115311001944074,-1.0
2.663118723927992,1.1123086115238587,-1.0
1.4967922235677058,3.37453659707129,1.0
2.107123140734644,0.8695654088956359,-1.0
0.7013565978982896,3.0019819073800846,1.0
0.928900081427627,2.368258450073952,1.0
1.721725515704469,0.26897703660336003,-1.0
0.751604512002317,2.7347348858853358,1.0
2.2247152340143237,1.8728577771743855,1.0
1.0839913694605559,2.2367465991259428,1.0
1.8789548389448747,2.5619757795612146,1.0
2.210027072522195,0.9612033749349975,-1.0
2.672781520314973,1.3258810877284404,-1.0
2.0117887999201627,0.7230110657739061,-1.0
1.1888570885008665,1.2173358298967805,1.0
0.741748116820959,2.280181289758795,1.0
2.296425536117434,2.1850521631108393,-1.0
0.7208373038804965,1.2873896840561398,-1.0
2.7757280559326603,1.8407810426662947,-1.0
1.633482063143377,1.2311184408637112,-1.0
2.2782253754579576,2.9297025335096767,1.0
3.1837413587216723,-0.6118391693622516,-1.0
2.8815972256652302,1.3775113428403682,-1.0
1.9732520022512943,1.8669685791662993,-1.0
2.8836409114224133,0.7704927688390488,-1.0
2.3262382887107855,3.020611122934215,1.0
1.9819069567201284,2.0530953860917296,1.0
1.856190315794344,1.661690759993983,-1.0
2.016783711807469,1.601123970342179,1.0
1.3781841867850013,1.3467779931921868,-1.0
1.6809744517253438,2.506845388830195,1.0
2.646239627172887,1.3857135805904885,-1.0
0.8164361011180012,1.5249824168411656,-1.0
1.64021292663362,1.2058475684719496,-1.0
0.8528792923757708,1.9849960663542527,1.0
0.37415088816250663,1.606422973609603,-1.0
0.7772005251309448,1.683216645534201,1.0
1.005444445178845,0.8244379977458425,1.0
1.4798165990261767,1.6638969538535293,-1.0
2.587756994634559,0.7982236030056898,-1.0
2.143099486930977,0.5957277835814865,-1.0
1.1409338632261214,2.072456342463663,1.0
1.0700851411038128,3.042912371084496,1.0
1.1706625459962023,1.8684680200907766,-1.0
2.0888441938983404,1.6304746391656306,-1.0
0.9987845480849977,2.01263288884222,1.0
0.380111552344635,1.7546856261844483,1.0
2.13137666154124,0.9267402911307812,1.0
2.0415921258322696,0.6522201206332101,1.0
0.6958361295059237,1.5347909942758786,1.0
1.2111988208957085,2.3171421567148314,1.0
2.36932465031798,0.1340266180154388,-1.0
2.287978887075452,1.3078407786733222,-1.0
1.180261976005416,2.783920956791922,1.0
2.2971390551067006,1.6911658496964959,-1.0
2.285396204552441,0.9753407670749935,-1.0
0.8247750790313841,1.9390680692421898,1.0
0.5841355086048596,1.3110648297081557,1.0
1.90317562629025,1.2613424526636423,-1.0
0.1901695472800793,2.9668984545431725,1.0
2.7033488605049527,2.0912546465945514,-1.0
2.1099922472920847,1.7910450547215815,-1.0
0.6519236564309497,1.7030084247230728,1.0
3.031920137169066,2.5022608200378498,-1.0
1.191269179028028,1.1709138414032212,-1.0
1.725858388826791,1.0292140078211798,1.0
0.8712249616063521,0.8708741699301485,-1.0
0.9463317238533163,2.898841512880072,1.0
-0.13035188452530155,2.3360178079074068,1.0
-0.02464357103756898,1.0953454346027605,1.0
1.8229737923032423,-0.27324731591598206,-1.0
1.1918021767957334,2.815980650311089,1.0
1.8956876120845225,1.1618173597162915,-1.0
3.121739015450676,0.7780994013461636,-1.0
1.4888032759578338,2.015745778330987,1.0
2.401944414582153,2.1359141222055253,1.0
3.7347185651071833,0.24019835950879476,-1.0
2.4074615271756006,2.5635310781754765,1.0
2.577970987470204,2.106277137723639,-1.0
1.3563502453959482,2.2339793269501307,1.0
1.4546021543473333,0.01616767052292678,-1.0
2.310037723440433,0.5512059783951848,-1.0
0.10070036715480057,2.4080145415992886,1.0
0.9021144199674485,1.0509465998406762,-1.0
3.097009206577634,2.293604037806535,-1.0
2.4189221243726657,1.101971130893162,-1.0
0.8276322609313282,0.9453601238831078,1.0
1.017522827534386,1.8590708129716655,1.0
2.310352086465583,-0.21757909213013216,-1.0
0.6454000394682824,1.262325812703387,-1.0
1.3735510746973802,2.4602966992103976,1.0
0.6813301096116892,2.694522237400114,1.0
2.424088614147905,1.5190770998661143,-1.0
2.6651355793915417,0.8198839521186815,-1.0
2.981934424376709,0.6203386437731314,-1.0
2.5159740475483003,0.024353895879501097,-1.0
1.6546893128330145,0.11014237555083328,-1.0
2.4306245499774066,1.1304435071017773,-1.0
1.7241887726850247,1.0851464793088716,-1.0
1.847835620395231,1.14775122730968,1.0
0.8366030968590599,1.097612862649388,-1.0
1.8288310815595614,1.4001498218972663,1.0
0.9513688334251664,0.6827768193682722,-1.0
1.6448294606197449,2.7833089389286405,1.0
3.3042696547555686,1.2761851751344526,-1.0
0.5066105411485081,3.4091569898215144,1.0
2.0048895770990898,0.722982699548521,-1.0
1.0862292097801503,2.2256996395130684,1.0
2.550401065895156,0.4264367524602338,-1.0
2.4835495040052256,2.6437072367905134,1.0
1.8893989991903446,2.864185690957283,1.0
0.5577399097670729,0.5851110511397533,1.0
2.2550550710394135,1.7724638145605072,-1.0
1.3026666348853384,-0.2856106061124468,-1.0
-0.0045868232420955835,2.840355697605495,1.0
0.9815714639642468,2.212161527791725,1.0
1.180001557309891,0.7761868307918042,-1.0
1.2600152471016837,2.940709228864547,1.0
1.2964883782277588,2.1212926086604575,1.0
1.4743552233908193,0.5772607241211141,-1.0
1.9278126599705327,0.9673316172167353,-1.0
1.8584695479010296,2.1439442403826807,-1.0
0.630676633513372,2.2386601368249535,1.0
1.3629549150994011,1.419319908088255,1.0
1.076806708830358,0.5694177193655331,-1.0
0.8081466551314294,1.9979005317984597,1.0
2.7816312050548735,1.8540420869224379,-1.0
2.0250866470685662,-0.17802903581952156,-1.0
0.17870298217178382,1.4245928691296825,1.0
2.529773588044046,1.2589254898381337,-1.0
0.25092164179884036,1.8901753009829783,1.0
2.993673596680256,1.8107382998958967,-1.0
1.2275528290796136,0.617296311236091,1.0
2.049365193833273,0.33039531700909275,-1.0
2.436502894850104,-0.6611750528021949,-1.0
2.304457765371879,0.6273791166455991,-1.0
0.4261208942584459,2.339667205765697,1.0
2.883338154765986,0.5681546450227919,-1.0
1.0080652947853606,1.7267822579186647,1.0
1.0659142036148839,1.3024074226204594,-1.0
-0.09051008602919297,2.656537956213938,1.0
1.6393484652611006,1.882112083295287,-1.0
1.422239468366094,1.2693040808599048,-1.0
3.250053828375301,-0.72579564766445,-1.0
1.7842398980922567,2.3772611282877594,-1.0
1.2862866147775778,0.1868032274273831,-1.0
3.0238577211857613,1.0267254879466694,-1.0
1.6171863331838774,1.4329620550027091,1.0
0.9683995365533852,2.335722317356616,1.0
3.299648234544194,-0.9882467569518103,-1.0
0.722450494553873,2.162268405597432,1.0
2.84011978694948,1.1945771716523015,-1.0
2.361141920633713,0.09408984879282911,-1.0
0.7735173444158512,0.5009513076592929,-1.0
1.9418977666217394,2.306738112911763,1.0
2.777036090810184,0.3218235060278274,-1.0
1.1995956602759814,1.0407446734696986,-1.0
2.129188656097501,2.8104961104993107,1.0
1.991774384482031,1.4331754906349043,-1.0
0.3180326296865005,1.8839688957177996,1.0
1.8868509939877482,0.8151448844844084,-1.0
0.6748510079428761,2.085619959419234,1.0
1.7688582668389614,0.33802364992757716,-1.0
2.6973941609894796,0.07167128996252836,-1.0
-0.3809704329985606,2.258308106355976,1.0
1.024009676022641,0.08938472710789203,-1.0
0.5946867882266889,3.0037027154900438,1.0
0.6484538286729924,2.194545875314342,1.0
2.0443322450690924,2.0838014180233593,-1.0
2.9755261078747854,1.4382077786465388,-1.0
3.2591993232068144,-0.2514502744141931,-1.0
1.2981426599731676,2.9024860571486037,1.0
1.1433556205957396,-0.3150183236966715,-1.0
2.3405371872795913,0.18560795695632903,-1.0
1.479208157394304,1.909979322899509,1.0
2.9713329455629824,1.1943617326088973,-1.0
0.4802668061651232,1.73850293737428,1.0
2.6871044165214575,0.8010931114175093,-1.0
1.0294720710747245,2.2886740370826466,1.0
2.1084853973385127,1.3236176430158517,1.0
2.90312527154176,2.133031067415287,1.0
1.119320648357605,1.0631200813921464,1.0
0.7855381800980585,1.5101138753510859,1.0
0.6720956043050039,0.657657915006817,-1.0
0.3320006870209631,-0.2122674546299701,-1.0
3.079984768492338,1.1505453672421384,-1.0
1.948371279956533,1.1887546707866012,-1.0
0.9917193260862414,0.8103510262295001,-1.0
1.9608073171087192,-0.5381143744689425,-1.0
0.6693240987343134,2.9402107206661725,1.0
2.102764271232214,2.196060297211206,1.0
0.30607494471739716,1.176502893974358,-1.0
1.6738159592673134,0.8986569358775764,-1.0
0.7922885674038966,1.7518026191256908,-1.0
2.618541370748404,0.32564373346561093,-1.0
1.9437878360172225,1.303741486490617,-1.0
0.23648633787130535,0.9821654004827434,1.0
0.4757870226110279,1.3129520775499866,1.0
1.5832155780732406,1.077922551401743,-1.0
1.7049211788496894,0.8073539539606889,-1.0
0.5183043487330807,1.8774842968524819,1.0
0.5392802399627796,1.8348211417860623,1.0
1.0030522454770932,2.4667223304714883,1.0
1.5874139987225528,0.8821708920118964,-1.0
1.1414792804265694,1.0195306160026383,-1.0
2.002454416051443,1.6045863610838063,-1.0
2.824434186695961,1.550756742975723,1.0
3.30784530363405,0.9518692299415538,-1.0
0.4970310829016451,2.067874513768684,1.0
0.24707423700247566,-0.5136962121000959,-1.0
1.053721058874931,0.9707967380670943,1.0
1.0677783618882577,1.3483669997131127,-1.0
-0.2034223428103108,2.3470530994287464,1.0
2.4973786603762322,1.0471451716687974,-1.0
1.685953238720046,2.1638133193048703,-1.0
1.794300986198747,1.5474001959091983,-1.0
2.522757180748953,1.1166501688183965,-1.0
1.6324241385554217,2.5248312940244957,-1.0
1.65202144760702,0.7653955447356978,-1.0
2.365526145653628,1.6304609211826047,-1.0
2.745143829290308,1.9671599848663033,-1.0
1.8292072692926364,2.2074181149844043,1.0
1.4330219572495784,1.2713913346959764,-1.0
2.635248914688836,1.2128096450346302,-1.0
0.9932413514595443,2.252163571452793,1.0
1.16289078163913,2.268652135247234,1.0
0.548161895819624,2.7966331399877333,1.0
0.8827854309871597,1.79050510118012,1.0
1.8381545654817892,1.1430822744895366,-1.0
2.109800900787486,-0.31852330052440037,-1.0
0.9706147257649429,1.9860261804404256,1.0
0.12044448692918475,1.4154341477575596,-1.0
0.7840727717567633,1.6940919087101936,1.0
0.9351960558670166,1.4201264826725548,1.0
1.550979354255824,1.3138726758188835,-1.0
1.8335031549229455,1.63262180966847,-1.0
1.0572161140611804,0.7154803103865792,1.0
1.01746711017096,1.1633462033235107,1.0
1.7568871855517312,0.8093044141454251,-1.0
0.7777139492768406,0.5423074917527717,-1.0
2.8120113433068483,0.9824254898213006,-1.0
1.1779980933960734,2.3720684535914285,1.0
0.7065677025662337,2.361672319069093,1.0
2.2158855917512112,0.6286918551776379,-1.0
0.5821997999601205,3.0869593429835818,1.0
1.6905495984385053,0.9604883157120929,1.0
0.471011638368223,1.0289402155348064,1.0
2.1278253072698208,1.225665493894506,-1.0
1.3363667734169096,-0.14654378338494256,-1.0
1.454600504798091,0.37264258322831245,1.0
0.18767362783613784,1.4777974970396919,1.0
3.1440248439444805,1.6354931829496324,-1.0
1.6580064855832755,0.971008362554773,-1.0
2.154197523715565,0.7198888322413668,-1.0
1.0714957543652326,2.2750031536736937,1.0
1.9152213692545916,2.3128795331793053,-1.0
1.113290552418293,0.884927654416338,1.0
1.8027134006262178,1.3649832409153173,-1.0
1.8718800961892816,0.4678195874018022,-1.0
2.2011619429588904,1.3128604053111896,1.0
2.194508957966737,1.410476198555389,1.0
2.2285931348895507,1.450338317192522,-1.0
1.931800150598196,1.0864068545405072,-1.0
1.3894393847040285,1.9889993070951202,-1.0
-0.036234347114029175,1.5676433841482038,1.0
1.566882204276391,2.7241871309723673,1.0
1.770700699711841,2.0220889708117142,1.0
0.806906597520302,2.2505386057268586,-1.0
0.688272672243686,1.074857615807021,1.0
2.7934037863231542,0.6173920199762417,-1.0
0.474596523880935,1.9432072956582456,1.0
0.9851353985343801,1.6183912675704442,1.0
0.13368699360835967,1.299209567466217,1.0
1.2388432553349298,0.7954333190587998,-1.0
2.186483974597104,0.980122449984085,-1.0
0.6215131827666532,1.8465359710160438,1.0
3.533555528837529,0.8012209694193573,-1.0
1.744134754420604,2.5900550241800633,1.0
1.4296866181794807,1.1052582872364969,-1.0
3.3718587798049615,-0.04544089785812666,-1.0
2.4629308851394103,1.3853734519442493,-1.0
1.8968853690851062,0.6571985130181486,-1.0
1.464463342276876,1.6865798394697253,-1.0
3.304736623273591,0.5695944837083029,-1.0
1.1073904064492939,1.7751503963826365,1.0
1.3875583739497632,2.4887737628483393,1.0
0.01465818952480813,3.1642516237576324,1.0
1.634722396872369,1.2348599682732277,-1.0
2.4181664641832183,1.609412719832791,-1.0
1.7363382945290402,0.34391393358727773,-1.0
1.8043736686940046,0.4733142204531958,-1.0
1.1717768962213704,2.055531939708461,1.0
3.0283871269470346,0.5994447513548682,-1.0
3.160348099569001,0.8419766008364069,-1.0
3.311640598948827,2.0580336857640997,-1.0
0.6073741846178946,2.973629461677161,1.0
1.616301730056474,2.24095379250265,-1.0
1.5863809684004941,0.5349080907773438,-1.0
2.3806922568014164,0.26385868324216766,-1.0
2.934914568882013,0.9795987654015207,-1.0
2.017662384999182,1.1363836567219212,-1.0
0.5757274994522452,2.7098204769068874,1.0
0.39753674105393366,1.6530286144879742,1.0
0.829403283885526,0.9171388540027383,1.0
1.7038119199035773,1.7911415828606743,1.0
2.516131958263804,0.9358345786177223,-1.0
1.4139410879489986,2.251820099914805,1.0
0.4311696913518437,2.9420175226622645,1.0
1.7566035630286732,0.33352903642024767,1.0
2.178102172459487,0.21533121209639672,-1.0
1.148125160883679,2.6415900286136482,1.0
3.18223753049844,1.3214728687093729,-1.0
2.007945416465935,1.695569315752004,1.0
1.0013783550825415,1.5442962579623178,-1.0
0.5743073916664115,1.6211958650845686,1.0
1.1589531276660736,2.5434355907330644,1.0
2.8498895415815673,1.3789950353817844,-1.0
0.5550409364152229,2.7660710224456184,1.0
1.589691269808523,0.33290859476672563,-1.0
1.544248327463436,1.5221414241398425,1.0
0.9745269939521854,2.117662700346841,1.0
1.7420001955075917,1.2827996607889631,-1.0
1.8389955390672268,0.9613673897754874,-1.0
0.6455093395342199,1.8185745511454419,1.0
2.544019734126044,0.3578701731944727,-1.0
1.1068007896294034,1.307061525150568,1.0
1.185194142067663,3.813510479820574,1.0
2.1769274825124043,0.26855376119665186,-1.0
2.457909569233985,1.4747125867587838,-1.0
0.6913023511148189,0.9256878173361995,1.0
3.165513445584473,0.6595596845167478,-1.0
-0.19925498484716142,2.484878831858332,1.0
1.5709575346202809,0.4795066203303773,-1.0
1.2937515052732018,1.0065141474876307,-1.0
0.9257348746207039,1.7731118246300168,1.0
0.8756649352987316,1.3636646323158352,1.0
1.0934128805814503,0.6663771472877204,-1.0
1.6782014502694567,2.207564761083856,1.0
0.8555901254859467,2.897477486873136,1.0
1.379522369367164,1.1727335845495364,-1.0
0.2575512945984222,1.854248468507657,-1.0
2.6523851167396924,1.63598868651346,1.0
0.8852890465114404,1.4433809545870282,1.0
2.3550274114025127,2.0016575381881165,1.0
2.1901280099823106,0.060293068274541506,-1.0
1.648328857984755,2.0939042826632788,1.0
0.6111222299113841,1.8333505664239036,1.0
0.5997352429303251,1.787077007171669,1.0
2.5917142113160794,1.0418726253099124,-1.0
1.4339802508196098,1.9856418713064143,1.0
2.1076639506613373,0.6790753034308095,-1.0
1.1886676305309323,2.4643799255037644,1.0
2.4620333033272632,1.5229622150985094,-1.0
1.9181495585934314,1.4351773499858418,-1.0
1.8689737175393537,2.727650475739387,1.0
1.504591741395974,1.446280548533358,-1.0
1.4851652229853554,3.1341750127470123,1.0
1.5925866084243423,1.9809235964236556,1.0
2.474692079159358,1.0807710477425714,-1.0
1.6736293652979684,1.8470978035506909,1.0
1.3623059569853098,2.249731364529555,1.0
1.5828160046732216,0.28284137364203654,1.0
1.4282623186860874,0.4179519965708218,-1.0
2.6719540300878664,1.2349473492371836,-1.0
-0.5888784517559511,2.6324769652196887,1.0
1.8252787876983798,-0.1425970567330095,-1.0
0.881006794045557,0.18640084518242994,-1.0
1.3747478142019296,2.056032782713203,1.0
2.1520095305703864,1.531720191976936,1.0
1.6677921645837586,1.0479098459454086,-1.0
1.3189151878381904,3.0551888197559034,1.0
0.3752931431641401,2.935084063263866,1.0
2.908173440664994,0.49635135718380685,-1.0
0.9746763268017149,0.7418425430223312,1.0
-0.7325281170081552,2.344442307667114,1.0
2.7496011741466995,1.3232581508464425,-1.0
1.9436726056525782,-0.05375792526854006,-1.0
2.3592777068582054,0.6104236337459648,-1.0
0.47627120938649015,1.9950345644670513,1.0
2.295099402890843,0.7168022808680323,-1.0
2.1965024466558702,0.9367113378161832,-1.0
2.5516978149408294,2.3885905386861346,1.0
1.7842129286530324,1.3301642704100105,1.0
1.0231479605413702,1.1589015823131663,1.0
2.434619882622783,-0.2908488147289954,-1.0
0.41956322864519213,0.9980495614499905,1.0
2.0181202862790517,1.9808056633146935,1.0
2.198356184487667,1.023887453214384,1.0
1.5879425846252926,2.9254228248083987,1.0
0.6611280552619927,1.4531254899195518,1.0
2.1157262826340357,-0.15186149753631395,-1.0
0.5423803430894805,1.2493289724960874,1.0
1.214799911335824,1.326875191977205,1.0
0.4612051040289773,1.660245796111809,1.0
-0.11045013018530647,2.7328065775491046,1.0
1.7830414659356608,2.7418009090842,-1.0
1.5271422404685993,2.4511424283461025,1.0
0.4232729624667094,1.7517223142421103,1.0
0.8298805677618635,1.3773723521304777,-1.0
2.4347190880772587,0.4033311763502836,-1.0
2.5705505719927304,-0.22614892560291144,-1.0
1.41854407974724,1.4091251339253887,1.0
1.593217347160677,0.5563902208198721,-1.0
2.3945912936549845,0.9913867868395043,-1.0
2.591521046360833,0.7859670528625808,-1.0
-0.4692640178583585,1.289331765725784,1.0
0.865197668111185,0.09688828710779018,-1.0
-0.27491980469770305,2.6808284530404305,1.0
1.0423512136569792,2.250632961276466,1.0
0.6323884879577735,1.0804542852232553,1.0
1.6687225699422532,1.8295226951298198,1.0
1.7707638961749437,1.4998579547270772,-1.0
3.1999976996237027,2.1825244433263324,-1.0
0.7457128394421464,1.5250425864100317,1.0
2.925699582262893,4.003258737632127,1.0
0.5615014372797786,2.226268378750438,1.0
2.1083451003241587,2.151285181000151,1.0
1.7609541262976733,0.7907299656673366,1.0
1.9027751885749151,0.9565349772917668,-1.0
2.3102520735482335,0.4062662892597486,-1.0
-0.10599615160939702,1.2491368647833798,1.0
3.249627225724236,0.9159483141052144,-1.0
2.5015661083255862,2.686543424972109,1.0
2.9343466750884444,1.5548427970439715,-1.0
2.062017709888825,1.7429811515496696,-1.0
2.017233030447528,0.579012707648696,-1.0
1.1849576891672005,2.5080983277379985,1.0
0.8277756328321895,1.7199291724273502,1.0
0.4808004100477775,1.039423353928739,1.0
1.6017591475716009,0.44546905803379455,-1.0
1.2148052349502843,1.2475254376232734,-1.0
2.271844129544905,-0.12441494267325637,-1.0
0.7850269550575748,1.5629314769849723,1.0
2.019733275777789,1.9682599785457948,-1.0
1.1119129003069825,0.3587552569354918,-1.0
1.2246148013921443,2.987313548285772,1.0
0.6035649315864134,1.952468875290003,1.0
1.2519032329588962,2.585481338214105,1.0
1.1638656158625644,2.3953315632683623,1.0
2.7165513972884474,1.7751363603475052,-1.0
0.9811430913632906,2.5395550138373526,1.0
1.682075940400984,1.2304973201764082,1.0
2.0847541941721874,1.0598793092630974,-1.0
0.8453914455574272,1.6966232387192872,-1.0
2.0345320557015576,2.9765689911685156,-1.0
1.463074407259606,1.6261945865582397,-1.0
1.144852508132788,1.8828409250359281,-1.0
1.9275524640328083,2.1357862792217985,1.0
2.707679855786031,2.092599240546984,-1.0
1.8922130708971552,1.4359197590065937,1.0
2.5533621094025643,1.217630771509303,-1.0
0.25637296864309034,0.7506277282395497,1.0
2.6141768904526295,0.34168643725279224,-1.0
0.4356984172845635,0.6284443633251062,-1.0
1.4806276846038164,1.6978848316407769,1.0
0.6253734759635192,1.3651608738781085,1.0
0.8378885148679125,1.3557378135832567,1.0
0.5000254802735623,1.739115986307287,1.0
2.8176069324715316,1.3682058612405896,-1.0
2.0508237910166716,1.4642852168991545,-1.0
2.2547574593465605,1.7575937068508085,-1.0
1.2452669478547482,1.73441598770322,1.0
1.9777859810868308,0.3332387064551112,-1.0
2.1805455692180966,0.7447565433381471,-1.0
1.4783862739418503,1.5663302374755803,-1.0
1.8598996019332303,1.9703678588155609,1.0
4.011020243294789,0.8390162530541204,-1.0
1.1624858705152048,2.7365030580015226,1.0
2.575272627647907,0.9184675730367138,-1.0
2.181011863840181,0.39470454738513283,-1.0
1.739848741066318,2.7422659860146643,1.0
1.7059991937320316,-0.029136254045539545,-1.0
0.4454737881628913,1.7123434684168428,1.0
0.3269136438492808,2.5835965850462177,1.0
2.694609684296665,-0.12723069534971487,-1.0
2.2020434040193333,-0.0543809580331287,-1.0
0.7559402061011263,1.3210183055206295,1.0
1.5973505629303424,1.7460590166829726,-1.0
1.1488201106414537,2.9334628105315717,1.0
1.314392893677613,2.562126151184844,1.0
1.3904443268227933,2.6509619258654396,1.0
0.8243300910694128,2.562185596076412,1.0
1.3234183319199122,1.4292674277063184,1.0
1.4505264693531834,1.7125532149657248,1.0
2.2872557710581867,-1.1186972857037492,-1.0
2.513383148594685,1.2068236811791744,-1.0
0.22947332801975096,1.815486844176526,1.0
2.1662489593002316,0.970118942543885,-1.0
1.2799982881083651,1.8473673013495358,-1.0
0.9331479736604635,3.068942607305189,1.0
2.2770484630105723,0.36281429936260245,-1.0
2.2095411314234714,-0.03598967629932459,-1.0
0.4526068691901416,3.305381333784959,1.0
1.3544951741511864,1.399034898620142,1.0
1.5295914109710311,0.3490035288550558,-1.0
0.5117648942291493,0.33172493789604085,-1.0
0.13515511922911205,1.1758013658051174,1.0
0.6249354029515549,3.2185150647871583,1.0
1.1510945598612308,1.7443719809092795,1.0
3.304687736786633,1.8585926781885775,-1.0
2.7084703008340134,0.5113167169964502,-1.0
1.9345586657730351,1.3822121733014283,-1.0
1.1862381762832819,3.157781925829971,1.0
2.6159052372704763,2.3344605266260587,-1.0
1.2779870675762004,0.12104325422058126,-1.0
1.7393476349834884,0.6100765974857639,-1.0
2.4009520471921366,0.831767036241844,-1.0
1.9986837471556094,-1.0181530076627427,-1.0
1.9843194160525037,1.3299808090187168,1.0
1.0818087392009397,0.9846964595364234,1.0
2.566759317439393,2.1647107417150258,1.0
1.9010985549488537,0.9612611150604592,-1.0
2.288856868686845,0.8003991285788722,-1.0
1.4677567456966052,1.4074145347907236,1.0
2.329584635124373,2.776586417931764,1.0
-0.22687214109083498,1.7182052649453796,1.0
1.6908231236764277,1.7285002759415096,-1.0
0.5325201983359207,2.56129156065142,1.0
-0.14512006350453666,0.7215630395900599,1.0
1.2427049793272578,1.455150500126789,1.0
0.7858809272455491,0.8608381708943889,-1.0
0.1591008686511607,3.212637579045916,1.0
0.8806932051689957,-0.09588761813348334,1.0
2.4687470737441544,0.6097173759031217,-1.0
1.5445166339654544,2.3483432740737644,1.0
3.009264889476349,-0.49541995680375295,-1.0
0.8298731168233409,1.7336818946342383,1.0
0.7248099360049767,0.5317171646825513,-1.0
1.0168262573453117,0.649462822322991,-1.0
2.34284884163103,2.2328931370885665,-1.0
1.0999795382544983,1.6854888902312908,1.0
1.2452207890358624,0.23224651730002677,-1.0
1.7456765919659802,1.8891745750773559,1.0
0.6246179534810032,2.7390605498320038,1.0
2.4504343663208368,0.5865529654613801,-1.0
0.0337724520103897,1.6261247045881702,1.0
1.2441280978871043,2.6245291438687475,1.0
2.012191501421071,0.7887820590066384,-1.0
0.7949170093183242,1.5354092362340197,1.0
3.2401163969403872,1.9176064405693949,-1.0
0.9115699388627011,2.5079333151412166,1.0
2.0026948490461156,0.25161170942478694,-1.0
2.1361640276720695,1.008599668343004,-1.0
2.2699522011689335,1.764911025337899,-1.0
0.8846205995832159,0.04699410012792837,1.0
1.256100898913204,0.28591307725940207,-1.0
1.2852941477518582,1.1567629668109825,-1.0
2.160329991294723,0.4804458725581652,-1.0
1.3985648507712354,2.2078164303339447,1.0
2.668657483353464,1.1892469188901047,-1.0
1.2427349422786658,2.126339689008006,1.0
1.3888825087733303,1.0979555222933512,1.0
0.717691334470528,1.9636147024720034,1.0
1.6788419531383783,0.07860237521829427,-1.0
1.7396897069464856,2.4269299013839705,1.0
1.2646035713179533,3.1220517239854115,1.0
0.5646856067189866,0.9989721284476933,1.0
1.62393366809926,3.0379060328777125,1.0
1.180574423982872,1.402825766289124,-1.0
1.9666147554229363,0.8249511406174419,-1.0
0.7028575748458423,1.8758500548004564,1.0
2.8286310340343976,-0.7928891080233873,-1.0
1.1728785245541355,1.6684813994574554,1.0
0.15532428224431316,1.2663524615914534,1.0
2.209576217567274,0.7079012005308041,-1.0
0.9432213267345163,2.0567485078239383,1.0
1.8926909668471374,1.2478759153988108,1.0
2.957009924147751,1.0514472977075149,-1.0
2.3434933287963124,2.69552806162071,1.0
2.0248766936077987,2.466906790084014,1.0
0.7428346209205258,1.4352289151971127,1.0
0.48515114427344364,3.8091773657693224,1.0
0.7266757002541067,0.4573635031285642,-1.0
1.6975604817948442,1.7204613537637543,1.0
0.532596061132791,2.130984263863935,1.0
2.3824249552490873,1.585089965113925,1.0
0.6454292030458643,2.4044938711321233,1.0
1.3439841966085593,0.6105580854612327,1.0
2.5859849148898615,-0.41652107112471315,-1.0
-0.1250699174543728,2.145131792676378,1.0
1.9899176384770114,1.114025604477992,1.0
0.3095961645993155,2.716332195371813,1.0
0.803329135298299,1.9262800389951376,1.0
1.6967757281052926,1.9405846391052801,1.0
1.4543999545395487,1.4362054590638318,1.0
1.2300533644193306,1.813425316976525,1.0
0.15809604737760974,1.7238625204786577,1.0
0.911398663868436,2.096281377615391,1.0
0.9048041101701736,1.821956216726238,1.0
2.3017018650949246,0.8522902279544413,-1.0
1.1429050896459731,1.3479869148768335,1.0
2.520506868581891,0.24525803730247686,-1.0
3.329363573322934,0.4425582296196868,-1.0
0.7841735653499111,1.3668689802468257,1.0
1.3614728896302373,1.9477757650048548,1.0
0.6750270865829588,2.1500000029085466,1.0
0.1222640516614788,2.13559068977752,1.0
2.3937559388690692,-0.21367599662201742,-1.0
1.7992959704446416,0.5797118578737457,-1.0
2.384719798642354,-0.19841894641886104,-1.0
0.7101314896819579,1.6841360956737468,1.0
1.6997016085377121,2.131604583713607,1.0
1.7347756135180918,0.867344416024211,-1.0
0.8371095506085997,2.146914429729206,1.0
2.3571003228678444,1.9136072221928753,1.0
1.952710219902644,1.5716071646034544,1.0
1.6622762837608294,2.5883687679003278,1.0
0.9880893600316066,2.8257232494729374,1.0
1.2912965692292537,0.4634096980682134,1.0
2.2007833081805734,2.075615884766292,-1.0
2.4631659940222415,-0.367440457216174,-1.0
1.7068281527667588,1.0881614129984027,-1.0
2.4052293665439213,0.49050950293187967,-1.0
0.6007944552938093,2.269662732665552,1.0
0.31580475604581515,2.0575130832310364,1.0
0.03364412881103174,2.871753064824606,1.0
2.0484745461883276,0.5445789666930179,-1.0
2.915174290601154,1.000176702787183,-1.0
2.4752184076443484,0.7245656020569679,-1.0
2.4180805725176997,1.3515569791348496,-1.0
0.954011307227786,0.11329607080886428,-1.0
0.7347391400273595,1.1763472217829019,-1.0
0.7605615372616972,1.8216715315263103,1.0
1.1774455706390188,1.169899102661266,1.0
0.7109019122311946,3.403733095791907,1.0
0.7305165090766796,1.931769692944661,1.0
1.9973271204348373,0.9031478741663201,-1.0
2.952620414145247,1.2596169285582957,1.0
2.9171930718063077,2.4235770293555783,-1.0
2.6750686523926968,0.5899679650797636,-1.0
1.7778150917084132,1.331893084989645,-1.0
0.9984121066458672,1.208286658573237,1.0
1.7663654608148276,1.7025545878308233,-1.0
2.1308711763275103,0.8751662783989054,-1.0
1.470283529298991,1.7611210214403288,-1.0
1.0309657623275394,2.489641456676731,1.0
2.1422834001982047,1.1887371066696657,-1.0
1.4459698093116744,0.7182532045356773,-1.0
1.8461595221922469,0.9063816489489317,-1.0
3.6878001737914174,0.10051957514005216,-1.0
3.1287305183306913,0.5551706233588816,-1.0
1.0672019840575928,2.1495342771834918,1.0
0.933037514973601,2.251284501675085,1.0
1.3326105143350468,1.478636472075193,-1.0
3.0296887887773645,2.1994645954465244,1.0
1.44684444513112,2.9308998553770302,1.0
1.832954209271144,0.899397080577053,-1.0
2.530202579974077,1.6183651739919438,1.0
1.229373388355286,0.7124889620363167,-1.0
1.2755150060183311,1.679241201405842,1.0
1.4294191880431377,2.237012950359911,1.0
1.6044741613350961,0.13153578871027194,-1.0
1.407607973884955,0.9064056416202085,-1.0
0.7255081534580747,2.2404230084893317,1.0
0.3398442751033429,1.0656110222162192,1.0
0.9565110563887156,1.9974289585744487,1.0
0.7002247083639936,2.068311894158636,1.0
0.8858723249173119,1.0156470758860734,-1.0
1.8504384429917342,0.8696688230781026,-1.0
1.4731343551205422,1.6712737159687225,-1.0
3.090325771686799,1.563910208086266,-1.0
0.9262749354964097,2.4985344904951274,1.0
2.338690745744264,1.5556090414825676,-1.0
1.2552074190126539,1.1703167945213229,-1.0
1.5470337531669454,2.2347105513396803,1.0
0.7588453177705347,1.0267092522291146,1.0
2.333393829246808,1.4005932760808564,-1.0
0.634675946945955,2.075891811613754,1.0
0.7405442374146982,2.284257403651292,1.0
1.083430921763433,2.0373718020317657,-1.0
1.604406309466318,1.75584417371463,-1.0
2.8860174106941665,0.717302270327999,-1.0
1.898231184515318,0.9336173284279852,-1.0
0.1665451437948532,1.2851806866261333,1.0
2.5672997012545795,0.6139128818040456,-1.0
1.8908970555731068,2.0371968490544483,-1.0
2.5296398926197883,0.7679576340003854,-1.0
0.17232318375081657,1.0894491032516727,1.0
1.65337929115331,0.9120039928954226,-1.0
1.0715684498286193,1.1583499797442118,1.0
1.4454363205322376,2.1850471090055104,1.0
1.3975149677348364,0.6820297558086588,-1.0
2.892151756225431,1.1707295792709016,-1.0
3.1688134426366723,0.3488581954426401,-1.0
1.0734372827822036,1.7129087785563168,1.0
2.0571955884145763,1.6155941192872039,-1.0
1.1732696652037906,3.429014612627845,1.0
1.9670691326676246,0.5408219604089949,-1.0
1.8808811258064417,1.9425945030384306,1.0
1.1041961821239485,1.7951685566199722,1.0
1.1383139368287847,2.136063914731738,-1.0
1.0621484568085133,1.2396095935636378,-1.0
2.702246372865508,1.596176971793028,-1.0
2.291146128986794,0.9664572866397159,-1.0
1.4104924982301985,0.15126919814051498,-1.0
1.8409159812962552,2.5275204277127306,1.0
1.4878877346355108,1.0889099326602623,1.0
0.5909363094944144,2.8873762355023875,1.0
1.1271842523296276,1.2847838670981875,-1.0
3.118660365114311,1.1393844665112427,-1.0
1.78390061507107,-0.008224525684003448,-1.0
2.101553864515109,0.8163570389171726,-1.0
1.0340934025054658,1.7785256360087378,-1.0
1.189694025165714,1.0402888911291799,1.0
1.4836895465631628,1.4181662737432101,1.0
1.6472625102590561,1.9602618152248044,1.0
1.1596712054601346,2.8774483531380826,1.0
2.1658551263471244,2.006916022007449,-1.0
-0.9167408214747288,2.3438345563532867,1.0
1.903518468156917,0.7561294025947334,-1.0
2.2409863870621196,0.9925604343515126,-1.0
1.1626449078097112,1.1242418830126677,-1.0
1.3846191904192668,0.6622955566345854,-1.0
1.364345909137311,1.3345529140708612,1.0
2.2293958774383125,1.929920867476804,1.0
0.6210318923122886,1.764449582521905,-1.0
0.13195136327256285,1.6407199703560034,1.0
1.9134728095295235,3.053120573251682,1.0
1.4833109510635683,1.5556017045655932,-1.0
1.9639185743631802,0.15914795682642746,-1.0
2.1528669955630364,0.033764000619974865,-1.0
1.7343532335092071,2.331374249286612,-1.0
-0.5198485076974826,3.59108571291548,1.0
2.546511753294135,-0.477331342053245,-1.0
1.8730391120996157,2.603859139409861,1.0
2.5833321439331494,0.20450765264206228,-1.0
0.8369887864833084,2.4432974063151196,1.0
0.5938061170040843,1.084462117856552,1.0
1.65080591910291,0.2387752923077504,-1.0
3.124660613034515,0.3270971583887622,-1.0
2.239350975716014,1.5021131709555928,-1.0
0.8486743044971707,1.0497359698551476,-1.0
1.928390145156407,2.9122745867030493,1.0
2.6630443122714476,1.3686070632012974,-1.0
2.4185754288554975,0.5100134606547844,-1.0
0.7230348337088559,2.477171590608636,1.0
1.3376408147036414,1.5777498075887695,1.0
0.8397171921248254,1.9702909029570577,1.0
1.9698827012388729,1.8536574517461895,1.0
2.288594895491729,1.346796482721562,-1.0
0.4770224195865682,3.1768051488842293,1.0
1.2093179766382798,1.8787431724185801,1.0
2.1620700964172093,2.0828856013847776,1.0
2.7332391195483945,0.056600271265809354,-1.0
1.6569778561538615,1.349837971860517,-1.0
2.7789509232968674,-1.2500939112580958,-1.0
0.9219402394013965,1.6062134309707377,-1.0
0.22719584232616652,1.3437263796838574,1.0
2.5558872536392463,1.754849668813355,-1.0
3.040502608561666,1.112616676200663,-1.0
1.829007583355165,2.303951581298164,-1.0
1.6675540047565194,1.6591753267543603,-1.0
1.1471150436609525,2.480442481791077,1.0
2.736435322650233,1.682390978059452,-1.0
1.575682137098444,2.138888095481267,1.0
0.22223575992351108,2.3807857432430066,1.0
1.0761488818753124,1.020107287527164,1.0
0.7606832106689461,2.035383822920709,1.0
0.38067762043516873,3.162423190586984,1.0
0.7676630012779788,2.328991939946055,1.0
1.922514503035443,1.0442850816590077,-1.0
2.4943614311288966,0.14749252902531373,-1.0
1.5348294073572184,1.7650627788912594,-1.0
2.762756630497495,2.492693058329553,-1.0
1.1298645582794764,1.9822386973536763,1.0
-0.5225682224117434,1.3651368942198814,1.0
1.0045909090671614,0.865720940106687,1.0
1.2281503145892199,1.2782675550161884,1.0
1.042840304924349,2.5630387837886413,1.0
0.8081959526983957,1.5021766677209873,1.0
3.2955474365168387,1.2490391046027394,-1.0
2.2799933927363423,0.9470242071509087,-1.0
0.24564734420070244,1.4748613364096022,1.0
2.4819657185132833,1.6992811188159958,-1.0
2.825868938066314,1.1589961941079698,-1.0
1.7233630179893777,0.9059141579717452,-1.0
1.9005496261402963,0.806470087010122,-1.0
-0.05589065334107124,0.7350305109212643,-1.0
1.67081003275515,1.2378129209651563,-1.0
0.6297995723570652,1.4454809505587107,1.0
2.5682649910322954,2.159072516161164,1.0
2.4650470173092556,-0.41167454335609,-1.0
1.385868865915024,0.5391644041381332,1.0
1.14225590300661,1.9152215983679348,-1.0
0.7909834484564743,1.6649351493696436,1.0
1.5140780465824228,2.5185750243007146,1.0
1.0182947312778952,2.115872852433946,1.0
3.141290310676915,1.7412501078242482,-1.0
0.788395134391608,1.049910312076038,-1.0
1.8870499637228464,0.6349155026138769,-1.0
1.0302419869496569,1.9736039172227415,-1.0
2.0658188553798436,2.697463966717506,-1.0
1.5138448219669582,3.238705146812172,1.0
-0.35635659513034823,2.0251264460822944,1.0
1.5190997354541604,2.2809599608174485,1.0
1.9093431905159277,1.1069235454296984,-1.0
0.9949135707797611,2.4813915198225627,1.0
1.9592466964519097,1.2219602160207212,-1.0
1.27584483901309,0.40731204378905894,1.0
2.0928013152087366,1.2794947520677156,-1.0
1.5679033614547022,2.06227429007898,-1.0
0.6640305073161223,1.766168188965617,1.0
1.3540400244479618,0.8046105547229572,1.0
1.4945671203680362,1.0691264695355633,-1.0
1.2546893118173572,2.002455358758357,1.0
-0.2357302651156139,1.6247438879234075,1.0
1.9451712767534421,1.0511032903011048,-1.0
1.9137930876942424,1.1026988925531473,-1.0
1.326380559183363,2.2293619614786953,1.0
1.9770488282316738,2.276907842184431,1.0
2.7918721448692363,0.8137592472836003,-1.0
0.8113147790563774,2.9767620082084196,1.0
2.439503141686335,1.098744430780348,-1.0
2.4067304455358345,2.029065563681999,-1.0
0.9776681166796439,2.505212237238241,1.0
1.5102440171469955,1.3452986458882585,1.0
2.116737869950569,0.9804714360898469,-1.0
0.7799851743829604,3.824261686915224,1.0
1.8034361010901627,2.616619852616963,1.0
0.7829796012267334,2.289325295375617,1.0
2.0915619615543286,2.0178032755489035,-1.0
1.2165251875996934,-0.3892221107231897,-1.0
0.4741575114286519,1.6345316801132581,1.0
1.156545746447788,2.3850422539172618,1.0
3.042615396205372,2.475607868054972,1.0
2.5331517817816716,1.998701132418204,-1.0
-0.27829025453617673,2.3582360655030663,1.0
0.34030197790200956,0.7136744439146205,-1.0
2.6380291449138045,1.7278786557048362,-1.0
1.0885381775255787,1.717095055369494,1.0
1.9047843185049487,1.1446949229434504,-1.0
3.118293282429579,2.070372727064642,1.0
0.3576234137008235,3.248978365859042,1.0
0.35050014170024313,2.599766245759067,-1.0
1.0189664214821685,1.5815154746006852,1.0
2.7613815271172886,1.2277680154831834,-1.0
1.829571367381902,0.9946420777127829,-1.0
1.1621560819516745,2.0558473157934767,-1.0
0.11258716479972763,1.471940002483755,1.0
1.9922042625886216,2.285021196796592,1.0
1.243519401908975,-0.685574385173138,-1.0
2.5144087748695734,0.7224268114159488,-1.0
1.379573060634438,1.4197819149374113,-1.0
1.5975166494201403,1.529000112110943,-1.0
3.08496817636624,2.2404822618574887,-1.0
1.6816275434869399,1.9855377543788,1.0
1.8965892336819545,1.4130498212947877,1.0
1.054334048173545,1.7799765947917663,1.0
1.3663801476557527,1.4438037109539943,1.0
0.6783262487729159,1.692621885087283,1.0
2.3891856793532966,0.7046898883673447,-1.0
1.4606853545120768,0.5449363860433901,-1.0
1.30465665276709,0.22099342688676404,-1.0
3.018184451651891,0.36533653294866864,-1.0
3.4422906641295477,0.6051438266027009,-1.0
2.077416169868029,1.1868894273089337,-1.0
-0.17784586912794142,1.7499599734151698,1.0
0.06177713457969425,1.2202283663710682,1.0
3.0848635744257313,0.6459930980339754,-1.0
1.6980903509285468,1.7542373291903006,-1.0
2.844552404648679,0.16895929785960462,-1.0
0.8905358790786115,1.2532772745038914,1.0
1.7572985404092392,0.5124124247617532,-1.0
1.068697904153748,1.4642348813829085,-1.0
1.2023091405864235,-0.3826655418763121,-1.0
1.3436258707164987,0.8778899490270868,-1.0
1.044971683450468,2.574276963953142,1.0
2.015201410118485,2.124792290345222,1.0
1.8200390035889136,1.3192207234468936,-1.0
1.4099666789642562,1.063828337744436,-1.0
-0.37676380788679364,2.3011420861671175,1.0
1.7855328274736602,1.5664411870224138,-1.0
3.1539190060721447,1.42029432864824,-1.0
2.528984937122298,2.470902468681441,-1.0
1.8947010940510531,1.0504920711344703,-1.0
0.24075611638180794,1.7085006455273866,1.0
0.7140301016256141,2.6621981877632708,1.0
2.9763332534812506,1.0491056839130468,-1.0
1.5820176566015047,0.9082749296250627,-1.0
1.85652316276625,1.371463675503389,1.0
2.130486241262013,1.178194250544254,-1.0
0.9870384823900133,1.2442563418277892,1.0
2.6957310655796483,-0.02037702258733276,-1.0
-0.5490275393988113,2.3618669160950247,1.0
1.4525847221890746,1.320678564989382,1.0
1.4840116091649687,1.9746284891518318,1.0
0.2878999847627256,1.4916745440320918,1.0
-0.2425061193697977,2.0442411358594867,1.0
2.149784286553731,-0.5165300928722858,-1.0
1.9571756665144824,1.0803460046464304,-1.0
2.7913674024054256,2.201644555645525,-1.0
0.8924195481857782,0.3070656103900513,-1.0
2.3424962997748953,2.4356393048891967,-1.0
0.6168680327348894,1.2426847492098818,-1.0
-0.001448465251299158,1.5704136556259871,1.0
1.214204200788134,2.5815349813345443,1.0
1.7103615335836537,1.6302650819305626,-1.0
0.2945733354966762,1.7853403441388664,1.0
0.516642199439056,2.4637879312118125,1.0
1.722278814825366,-0.13002209100045992,-1.0
1.1882027593335538,1.412534138912653,-1.0
1.1371552087300496,2.298129001622122,1.0
0.4583047960570733,2.115267978009588,1.0
1.0731839959832967,1.192246415338643,1.0
1.1887575634614245,0.9383118174837722,-1.0
1.4052400564239003,2.573884159289661,1.0
0.7455245553829253,1.7646904716713776,1.0
1.294982513661693,2.0542588153611097,1.0
0.13680814216128678,1.1865598958346673,1.0
2.1601540141123743,1.7415539170424166,-1.0
1.2745301413179413,1.7250607394030744,1.0
2.6619283406064116,0.48231584860399,-1.0
1.1897294618964935,0.19652465490752058,-1.0
2.1182863672094467,0.49972114091580133,-1.0
0.3932534264359355,0.776408750189403,-1.0
2.8799154250093046,1.4632668126310258,-1.0
2.9496537099708546,0.7852668493770913,-1.0
2.3642171993655854,1.083600813005957,-1.0
2.4066247691224696,0.4451914104586253,-1.0
3.7872787371567767,1.314958891844942,-1.0
2.049655555287652,-1.2385975954049528,-1.0
0.24995025090507572,3.161915848679059,1.0
1.1733337687201804,1.8081074928116074,-1.0
2.8960993016991066,0.6782891583673271,-1.0
0.15438182970900816,1.5694811034437364,1.0
1.157454482421512,1.5965461100735412,1.0
0.7542005304816849,2.906338935596934,1.0
0.6105693563833923,1.3457434767151737,-1.0
2.3490733913188104,1.3347437345360327,-1.0
1.5763007893237202,1.2283095770177974,-1.0
2.017544186568177,0.21363108879388992,-1.0
0.8849969650605882,1.1708409606865662,-1.0
0.9933460297486767,0.938327017530958,-1.0
1.0831466887878929,1.4052240814573742,1.0
2.9460213409893035,0.5607175625237584,-1.0
1.2450558862039967,0.6597163606299861,-1.0
2.7188500216641245,0.5043133086945876,-1.0
1.640999326204648,1.6751527862680438,1.0
1.3330851025319574,1.6271545096908273,1.0
1.9633667930403098,0.7541939368241667,-1.0
1.613878848826284,0.5438920995208586,-1.0
1.053259519306259,1.622636280868417,1.0
2.3306726736261294,1.0714753365999032,-1.0
2.4270074994592594,-0.7768274698258011,-1.0
2.8172262269682684,0.5664733674293065,-1.0
1.5401195877321985,1.1989847908706133,-1.0
1.3295023292503214,2.088409001349462,1.0
1.9513168093152435,0.5350524365730847,-1.0
1.7520499539514385,1.3815811460787462,1.0
0.560133213983981,2.5847697072170064,1.0
1.5654168191771678,1.6547635410793133,1.0
0.2246906585801126,1.9075571079539009,1.0
0.7184351224061163,1.3220182217331917,1.0
2.9737171194935903,0.8755572008768688,-1.0
0.33272517902593324,1.379139338673211,1.0
2.5172818252334834,0.025551903812387144,-1.0
1.8382513718165108,1.400546456221657,-1.0
0.4716164874518767,3.742126597853302,1.0
2.4298322620995307,2.30125034288913,-1.0
1.5342308785804815,0.006905055249485592,-1.0
0.45950993905889204,2.3771438179486863,1.0
1.775949195762211,1.5705482174352001,-1.0
1.704044406434441,0.8974761472891564,-1.0
2.2805681701747442,0.21443338574442672,-1.0
1.1389299983434857,1.1917604713410532,-1.0
0.13499927718034888,1.6046346208169875,1.0
2.143780974819858,-0.6761809041050708,-1.0
0.081152971305545,1.630855839351198,1.0
-0.2662339687285804,2.1264183637726464,1.0
1.5759624570275066,2.250702387188183,1.0
0.17656487268286303,2.275232126677288,1.0
0.8979226359658635,1.835139437627869,1.0
1.8891056581707404,1.2290170643482201,-1.0
0.3425510009665167,2.2338709638624614,1.0
1.5455397668158024,0.7394193388903112,-1.0
0.43491641911848544,1.8212677575685192,1.0
0.46728081173189373,1.915424657755524,1.0
1.9081480268223001,0.47999351389303524,-1.0
-0.12056823021677898,2.0404122780788985,1.0
0.37195315679819996,1.0028203468959411,1.0
2.8391787346725,1.0386646222601388,1.0
2.496380607740353,1.2239852282758936,-1.0
1.9077388212106454,0.6577908626863478,-1.0
2.6097033333854327,2.847041341698366,1.0
1.4657422041481496,0.8227029641663082,-1.0
1.7943890888292864,2.7039267111805523,1.0
0.6292296858897424,3.2138628540056806,1.0
1.7815062431841542,-0.6684811042704526,-1.0
0.9288030715239072,1.813491389343184,1.0
2.634743237874523,0.6113946701596514,-1.0
1.4512960028171866,0.4558505328254866,-1.0
0.1500565555001736,1.8956692688459091,1.0
1.8478229016062042,2.1843876976258176,-1.0
2.6227972168900684,0.31520071617035605,-1.0
1.0449321880002103,1.4287367144794523,1.0
1.6518710660767932,2.1862175554703103,1.0
1.3696806920554356,0.7149112676976459,-1.0
1.7154936980075393,1.9195990170702173,1.0
1.4442020013902663,0.9948541619643559,-1.0
0.530525337670972,0.8238319294310337,1.0
2.7342868819022845,1.0261162085674067,-1.0
1.9687026255989535,0.7134072365361468,-1.0
0.3681578632430381,2.701433786609581,1.0
2.5431241887020817,1.3977555376995336,-1.0
-0.4344567994032249,1.2397428779454103,1.0
1.435130510935651,2.376431654548965,1.0
3.1350692778245994,0.3348680899751587,-1.0
1.9911859846465751,2.448660738104544,-1.0
0.9556292071468754,2.264336804166458,1.0
0.02379413115581097,2.7149609632769858,1.0
2.5214492952613696,0.8495566960396829,-1.0
3.165177143577644,1.8049472019499166,-1.0
2.893593462212344,0.9003985467638881,-1.0
1.450998316419403,2.4029984975628196,1.0
0.7912546250348989,2.647143211810516,1.0
2.819354838342945,1.2035731229279576,-1.0
2.401814551990239,1.2476906117005264,-1.0
1.836360653917274,2.0337301772563174,1.0
0.8203170204947179,0.6656310292601894,-1.0
0.862955966894834,1.8247431991367797,1.0
1.5084186410138454,0.6727453866753823,1.0
0.46376480950130117,1.9860314251320983,1.0
2.330284004236187,0.2064204859191775,-1.0
0.9066365893298556,2.226411195451486,1.0
2.3618891216881472,1.1564579331175273,-1.0
1.6573613893360326,3.4210267315417884,1.0
0.836061605842072,1.6399978020949764,1.0
2.4906346723213693,1.9269071745392807,-1.0
2.0047562947230633,0.534114512876128,-1.0
2.816460669689237,0.7150131561480817,-1.0
1.4182871133025357,1.8491143732910227,-1.0
-0.1585089445766421,1.576020128499419,1.0
0.9049211070010372,1.0105212597543183,1.0
2.76790618379246,0.6701664140207435,-1.0
2.0984856979225857,1.2377903313043048,-1.0
1.862499268920336,2.705104183525082,1.0
0.7172459102801432,2.1516959249253436,-1.0
1.1936094809525566,1.5658451261389534,1.0
1.8692767374092223,1.3181781944587256,-1.0
-0.00036237291050467135,2.4438959229118242,1.0
0.49060078810821617,1.6990369849071976,-1.0
1.5132155532528957,1.0363356516443074,-1.0
1.3771043330413506,1.7131717398062944,1.0
2.3270976194634048,1.400849983986976,-1.0
-0.9576368857578288,2.2359980685503844,1.0
0.8353921819805527,1.531777704877601,1.0
3.025747772299443,0.9360498156990668,-1.0
2.5060823547031044,-0.6284019838319137,-1.0
0.4020710770032978,2.1469076677029433,1.0
2.3208026147910807,1.0895180410493468,1.0
3.570253343454706,1.2510127270608782,-1.0
1.8823263727345574,2.137694796844013,1.0
1.9221086344729672,0.2576323744392841,-1.0
1.5186571284402537,2.204868626885691,1.0
3.22792422365083,0.13976706118058124,-1.0
-0.8631625039478337,2.7160298500376046,1.0
1.4865473648191103,3.569177885542995,1.0
2.218835024816314,1.3747665056976097,-1.0
1.5346977794296834,0.6991115895612543,1.0
1.726261591085465,0.2955151548358057,-1.0
0.24676828929400385,1.6914793476930992,1.0
0.8352594147962956,1.7225427823932546,1.0
2.368666023452032,2.29340393788812,-1.0
0.4757513906665741,1.5684868058981365,1.0
2.375138476197849,1.8448764677384717,-1.0
2.2564545612244316,1.9030845012648705,-1.0
1.477495656820773,0.4758674020649357,-1.0
0.9646948587313884,0.9858297776762543,-1.0
0.24610695693747686,2.5545586764684916,1.0
1.4721756418178835,1.5855314651077035,1.0
3.6005882812465035,1.5129564889143157,-1.0
2.121428197170141,1.2238050623814414,-1.0
-0.7885334412733549,1.4854820886680515,1.0
1.498494612586582,1.39967345809641,1.0
1.9638414136174214,2.540060109770892,-1.0
0.7422350392511162,2.382366573183645,1.0
2.0627177233213962,1.1801795295661655,-1.0
2.193894343569484,3.0507262452160617,1.0
2.011726352773679,1.788704537742202,1.0
0.8379396346604437,1.742882592752737,1.0
2.609969949624757,1.42392422018016,-1.0
2.648132310210402,2.0977945060607084,-1.0
3.093557380778633,0.1424532173231866,-1.0
0.6339329895771106,2.7441766675640795,1.0
2.021997255587765,3.1769566165442793,1.0
2.5130115200616885,1.736810705443666,-1.0
0.7357394925711152,1.179032883075291,1.0
2.6461281245376256,1.2795110483168286,-1.0
1.513955186946427,1.736596524296817,1.0
1.1737360652687396,2.7431049823587035,1.0
2.714133711618067,0.13153766131111733,-1.0
1.0284785762152853,1.8709914525047266,1.0
1.9542686452150215,0.104739257700182,-1.0
1.0840461089925228,2.5058045872335803,1.0
1.9127982055537371,1.6345767743178388,-1.0
1.4444944115337806,-0.08254539809841144,-1.0
1.193587740151651,1.4535478214633735,-1.0
0.2625680621032471,2.5099048709478446,1.0
1.7643776072250519,0.7831302544896227,-1.0
2.086821037427363,0.7972475998366446,-1.0
2.523094691200744,2.4259005161246177,1.0
1.029573024115718,1.1070094263845531,-1.0
1.5454142449465142,1.0885457298427212,-1.0
1.93328809140319,3.2795392061094546,1.0
